page,site,word_count,content_freshness_days,title_length,meta_desc_length,internal_link_count,image_count,serp_feature_present,cannibalization_flag,competitor_avg_position,heading_structure_score
/page-00000,exampledomain.com,100,147,52,122,5,4,0,0,1.0,0.059793845915034706
/page-00001,demoapp.co,170,30,66,170,5,3,0,0,1.0,0.11179724215010044
/page-00002,exampledomain.com,100,140,55,139,3,2,0,0,4.831008839546465,0.10103630786183483
/page-00003,testsite.io,162,96,43,101,0,4,0,0,7.755120998542185,0.24162933827802308
/page-00004,testsite.io,131,79,74,100,3,0,1,0,16.874017195001965,0.38342943994581674
/page-00005,testsite.io,985,179,45,100,5,1,0,0,1.5679084868400874,0.22975851775082
/page-00006,testsite.io,100,577,33,132,5,5,0,0,10.874927358876898,0.13933095417218058
/page-00007,demoapp.co,100,10,36,197,9,3,0,0,22.103236387775457,0.21002158692476305
/page-00008,demoapp.co,235,188,52,135,4,6,0,0,19.603880077188798,0.36869567033530654
/page-00009,exampledomain.com,172,262,26,162,8,4,1,0,12.622860613086093,0.16986413756661323
/page-00010,demoapp.co,113,320,53,155,3,1,1,1,5.322728618833584,0.15812477275114203
/page-00011,testsite.io,106,64,34,162,8,2,0,2,9.571573727615892,0.1738389816219285
/page-00012,demoapp.co,113,413,50,146,6,3,0,0,24.76784067198111,0.233217348435091
/page-00013,exampledomain.com,295,366,29,122,2,3,0,0,9.722479480184838,0.009770839640650227
/page-00014,testsite.io,324,36,50,125,6,4,0,0,5.161873405664131,0.38279961500129084
/page-00015,exampledomain.com,100,14,54,174,5,1,0,0,8.053282113041334,0.6040669456602588
/page-00016,demoapp.co,147,31,49,100,5,4,0,1,7.338464998248647,0.4644399294122314
/page-00017,testsite.io,100,95,65,134,9,4,0,0,12.638707766434782,0.48244418324480964
/page-00018,demoapp.co,213,169,42,100,4,3,0,0,8.68772028037405,0.3300690722404354
/page-00019,demoapp.co,100,195,48,95,4,1,0,0,8.514899823409912,0.06200259569441448
/page-00020,demoapp.co,100,52,60,85,3,2,0,0,5.6319678814148695,0.1790416225087116
/page-00021,exampledomain.com,100,49,39,99,5,7,0,0,6.895678330708147,0.24375177244509388
/page-00022,exampledomain.com,100,46,59,55,6,4,0,1,1.133154753187405,0.3106498868812594
/page-00023,testsite.io,109,14,37,193,2,4,0,1,6.123728370404904,0.11713476225235674
/page-00024,demoapp.co,100,76,42,138,2,5,0,0,5.949342887848853,0.24414967793845962
/page-00025,exampledomain.com,100,328,31,39,4,6,0,0,7.597414038552411,0.32019469240072085
/page-00026,demoapp.co,205,61,49,105,8,2,0,0,14.248234898086999,0.1879918131626236
/page-00027,demoapp.co,100,105,33,195,4,3,0,0,15.919011217165744,0.2944051812761454
/page-00028,demoapp.co,595,291,62,180,4,1,0,0,5.4165122631504525,0.20471459330793934
/page-00029,exampledomain.com,102,367,72,126,3,3,0,0,9.461544036762158,0.318321363110216
/page-00030,testsite.io,100,37,63,128,5,3,0,0,14.20884360204151,0.09496002535728686
/page-00031,testsite.io,100,519,56,93,4,6,0,0,1.8373547697504513,0.25906774277147765
/page-00032,exampledomain.com,100,60,42,168,8,0,0,1,2.065152006940166,0.3351646097766475
/page-00033,demoapp.co,171,346,53,137,3,6,0,1,12.461364251919477,0.3187303020138488
/page-00034,exampledomain.com,100,200,43,133,5,4,0,0,9.430394824351094,0.11833332857690608
/page-00035,exampledomain.com,142,100,65,155,4,2,0,0,11.250706283976006,0.6866710338373592
/page-00036,exampledomain.com,100,20,69,171,3,1,0,1,22.85350007988616,0.4945333605816185
/page-00037,demoapp.co,208,73,52,108,5,3,1,0,12.840325606201928,0.17122102027820005
/page-00038,exampledomain.com,100,499,51,120,2,5,0,0,9.83256115704323,0.22838095676818818
/page-00039,demoapp.co,100,256,31,224,3,3,1,0,9.197713760826517,0.21234673715807
/page-00040,demoapp.co,100,386,28,131,6,5,0,0,8.309058409110442,0.4716542537393202
/page-00041,demoapp.co,100,35,51,176,2,2,1,0,5.529356327537863,0.47648930550881646
/page-00042,exampledomain.com,204,696,62,121,0,2,0,1,20.111966036048756,0.4261781745649914
/page-00043,testsite.io,100,126,65,141,3,5,0,0,8.848810369431412,0.6558613756040511
/page-00044,testsite.io,125,58,63,96,5,3,1,0,2.6557930266460987,0.33652659775766636
/page-00045,demoapp.co,542,792,53,114,5,2,0,0,1.1690552746667038,0.3198903202955249
/page-00046,testsite.io,100,53,19,157,4,1,0,0,1.656397114868386,0.4434831386316761
/page-00047,exampledomain.com,100,186,55,130,1,1,0,0,8.992295671632034,0.41734142488236503
/page-00048,testsite.io,100,251,39,79,7,4,0,0,5.730914256845518,0.06361366693103317
/page-00049,demoapp.co,100,158,50,149,6,1,0,0,19.624436226169124,0.10097109958481384
/page-00050,testsite.io,201,18,57,128,4,4,0,0,1.0,0.04267715575220542
/page-00051,testsite.io,187,186,69,156,3,2,1,1,9.549654466990347,0.36161854777360286
/page-00052,demoapp.co,100,197,56,85,7,6,0,0,14.652177269790585,0.039289379801026855
/page-00053,exampledomain.com,100,21,35,98,5,3,0,0,6.145610083575937,0.4713998562272708
/page-00054,testsite.io,111,20,54,132,4,0,0,0,5.546641533977897,0.42093870901770586
/page-00055,exampledomain.com,100,9,54,199,3,1,0,0,12.056872348520445,0.3040188904369947
/page-00056,exampledomain.com,100,50,56,208,7,5,0,1,6.969824573593984,0.4918914863881793
/page-00057,demoapp.co,120,202,53,65,4,3,0,0,20.449787020524923,0.401193350101384
/page-00058,exampledomain.com,300,57,57,190,5,3,0,0,2.9781969772114625,0.2115298947976934
/page-00059,testsite.io,100,59,49,183,11,3,0,0,6.865096775015305,0.025632081806170753
/page-00060,testsite.io,231,7,47,156,3,3,0,0,7.510465475088871,0.44803677019700755
/page-00061,demoapp.co,100,49,32,173,6,4,0,0,6.938845863589254,0.292942409559097
/page-00062,testsite.io,214,107,57,173,10,4,0,0,7.966242873590853,0.6008068194188112
/page-00063,exampledomain.com,150,215,38,30,5,4,1,0,5.103740272871358,0.2468569448527018
/page-00064,exampledomain.com,111,494,67,122,10,3,1,0,5.1050860977438655,0.20247221204591054
/page-00065,demoapp.co,100,445,78,79,2,3,0,1,5.076980778348233,0.05496049687434318
/page-00066,testsite.io,102,119,74,150,6,0,0,0,16.727843098191997,0.3616307654344489
/page-00067,testsite.io,100,655,41,62,9,1,0,0,16.14865441890229,0.37849215650991785
/page-00068,testsite.io,100,192,60,106,6,4,1,0,9.938836453638508,0.20824924075604564
/page-00069,exampledomain.com,387,246,64,99,4,2,0,0,5.30721913048284,0.11021178925625628
/page-00070,exampledomain.com,100,500,58,111,5,2,0,1,15.164045890492332,0.03484048466990764
/page-00071,demoapp.co,100,78,57,173,6,3,0,1,6.752610410061997,0.21016830566559716
/page-00072,exampledomain.com,120,30,38,122,4,2,0,0,10.827889332984942,0.13244253270767586
/page-00073,exampledomain.com,100,380,61,160,5,1,1,0,6.197864611287782,0.6280835804010275
/page-00074,demoapp.co,100,289,48,49,6,1,0,0,11.636935238683982,0.498170650721027
/page-00075,demoapp.co,100,9,57,145,6,3,0,0,3.1843566100444676,0.13317854797380077
/page-00076,testsite.io,101,421,36,120,5,5,0,1,2.6712424498416496,0.026563271128855946
/page-00077,exampledomain.com,100,113,51,99,6,3,0,1,5.969193169903953,0.33945268003714724
/page-00078,exampledomain.com,134,53,41,142,6,4,0,1,1.0,0.2673830413161798
/page-00079,demoapp.co,100,293,52,120,6,3,0,0,10.236453135514296,0.23216809385028697
/page-00080,testsite.io,165,71,45,77,5,5,0,0,4.78027094050336,0.19680111714565285
/page-00081,exampledomain.com,100,424,66,162,4,1,0,0,6.353124947908325,0.1975222163868408
/page-00082,exampledomain.com,381,145,58,143,6,6,0,1,1.0,0.2793306399112623
/page-00083,demoapp.co,165,145,55,146,5,0,0,0,1.0,0.923673629231585
/page-00084,testsite.io,100,89,57,156,7,1,0,0,1.0,0.3069261550772292
/page-00085,testsite.io,100,161,56,140,7,2,0,0,11.03788853741193,0.17921950096700373
/page-00086,demoapp.co,100,142,65,134,3,4,0,0,1.0095782468485393,0.08641424074020002
/page-00087,testsite.io,100,442,53,187,4,3,0,0,6.195311993176274,0.3780903813211778
/page-00088,testsite.io,100,815,47,172,7,2,0,0,16.06679443764135,0.31850264827313685
/page-00089,demoapp.co,253,441,47,82,7,8,0,1,5.23614149042694,0.16724499182733346
/page-00090,exampledomain.com,100,172,54,110,8,3,0,0,11.77522198027612,0.2289882480481862
/page-00091,testsite.io,341,240,58,134,5,4,0,0,11.636478081065949,0.34544384110546844
/page-00092,demoapp.co,125,84,45,180,6,1,0,0,4.3836389366899855,0.0461377774749691
/page-00093,exampledomain.com,202,226,64,76,6,2,0,0,10.508969590796408,0.18609000228583267
/page-00094,exampledomain.com,355,73,55,83,10,2,0,0,2.513402751099682,0.3166888899757723
/page-00095,demoapp.co,288,112,31,85,7,2,0,0,6.408584476540279,0.5089036586476159
/page-00096,demoapp.co,163,100,45,161,8,2,0,0,1.0,0.3743035953252433
/page-00097,demoapp.co,100,614,40,155,3,3,0,0,8.963203960282593,0.3822612272299674
/page-00098,exampledomain.com,100,105,46,195,6,3,1,0,1.0,0.060967933449272066
/page-00099,demoapp.co,100,374,35,30,10,2,0,0,6.825623976793102,0.5309029777953274
/page-00100,exampledomain.com,299,163,51,119,5,3,0,0,13.481703699743115,0.09337773137389524
/page-00101,exampledomain.com,157,185,72,149,5,4,0,0,4.304155853072402,0.36463416764075746
/page-00102,demoapp.co,304,26,41,32,4,2,0,0,10.362053177128507,0.22696455762242151
/page-00103,testsite.io,109,621,65,90,8,1,0,1,3.54503953445011,0.10162140370964586
/page-00104,testsite.io,100,198,45,146,7,3,0,0,13.611658572412122,0.23209435888281846
/page-00105,demoapp.co,100,73,42,100,2,6,0,0,9.473048460614832,0.14333546313074724
/page-00106,testsite.io,145,107,54,196,2,2,0,0,3.964628942507858,0.3314709259581127
/page-00107,exampledomain.com,100,418,71,108,8,2,0,0,17.608569185873858,0.20162428622391249
/page-00108,testsite.io,100,31,56,157,5,5,0,0,11.279992794776232,0.48749446895601656
/page-00109,demoapp.co,180,24,43,189,3,3,0,0,9.63179769761646,0.1986481681974035
/page-00110,testsite.io,100,74,52,101,5,1,0,0,11.30017175227842,0.18355179868549432
/page-00111,demoapp.co,117,481,61,112,5,1,0,0,6.700523133434777,0.3049674833888887
/page-00112,demoapp.co,100,47,38,137,8,3,0,0,3.4830831554752155,0.33492462054840777
/page-00113,demoapp.co,100,4,58,99,7,1,0,0,9.709943513314563,0.4215194043185302
/page-00114,exampledomain.com,126,43,56,149,6,1,0,1,6.189589263199468,0.213139763635566
/page-00115,exampledomain.com,148,59,53,132,4,3,0,0,7.589161256048731,0.39510616400681936
/page-00116,testsite.io,174,142,71,43,8,0,0,2,13.223195087160892,0.26256789286416776
/page-00117,demoapp.co,100,230,52,129,5,0,0,0,7.892717356571696,0.3210443930151287
/page-00118,testsite.io,100,371,56,67,3,1,0,1,5.341946397453029,0.3083079468556813
/page-00119,testsite.io,100,34,53,93,3,3,0,0,10.495506319460024,0.17503808530745293
/page-00120,exampledomain.com,100,120,50,133,4,2,0,0,10.308055540787485,0.36378647677770465
/page-00121,testsite.io,420,116,61,126,4,6,0,1,8.327213728837478,0.3708816572403456
/page-00122,demoapp.co,316,1092,36,134,5,3,0,0,3.0500640979249294,0.5062211547769024
/page-00123,testsite.io,251,834,64,108,6,3,0,0,1.0,0.012793888910881075
/page-00124,demoapp.co,412,258,48,140,4,4,0,0,15.066103192296097,0.4819072552672199
/page-00125,testsite.io,100,513,45,93,4,3,0,0,1.0,0.4810919893754557
/page-00126,demoapp.co,101,98,53,61,6,2,0,0,13.58381898578433,0.233389847565953
/page-00127,demoapp.co,100,576,65,129,4,6,0,0,10.007859853799404,0.6612324381335765
/page-00128,exampledomain.com,100,505,40,213,9,2,0,2,7.446535139261433,0.341499159309632
/page-00129,exampledomain.com,165,92,67,145,6,4,0,1,9.490244707534814,0.21856350532302338
/page-00130,exampledomain.com,100,321,45,100,1,2,1,1,8.434196936094885,0.08415818970188661
/page-00131,demoapp.co,100,16,59,170,3,2,0,0,7.451192167047272,0.1658392191115232
/page-00132,demoapp.co,100,166,53,134,3,3,0,2,11.314354932589271,0.6954374863099384
/page-00133,testsite.io,100,117,36,134,3,6,0,0,13.455462768836345,0.2800636177998694
/page-00134,demoapp.co,179,555,59,119,2,6,0,1,10.449143039699713,0.4392754120602789
/page-00135,testsite.io,150,23,73,211,3,2,0,0,1.0,0.2655479631221323
/page-00136,exampledomain.com,100,160,35,165,7,3,0,0,9.49571927149383,0.25660055963454825
/page-00137,exampledomain.com,100,69,35,168,3,5,1,0,6.67219784603913,0.28834471744388135
/page-00138,demoapp.co,109,249,67,158,3,4,0,1,20.699176614282035,0.1564971798333055
/page-00139,testsite.io,100,329,55,30,4,3,0,0,13.247204170828237,0.6219316710879227
/page-00140,testsite.io,100,844,43,146,6,2,0,1,10.301755881428786,0.1400282904392655
/page-00141,testsite.io,100,250,39,86,3,2,1,0,17.199390314244432,0.24860879382397172
/page-00142,demoapp.co,100,8,36,149,10,1,0,0,2.8373237902507853,0.3754246172736392
/page-00143,demoapp.co,100,246,62,107,2,2,0,0,6.2800838295290635,0.06913858025532016
/page-00144,demoapp.co,100,109,51,151,4,1,0,0,4.9591219909283275,0.2787166358112569
/page-00145,testsite.io,100,53,46,160,6,0,0,0,10.96024298635439,0.19081106259845426
/page-00146,exampledomain.com,375,37,54,65,8,4,0,1,1.9311385005951411,0.3351384629532017
/page-00147,demoapp.co,100,140,61,115,7,5,0,0,8.585822736730734,0.09358999035412681
/page-00148,demoapp.co,100,355,34,126,8,1,0,0,8.33031554275977,0.050998165021590984
/page-00149,demoapp.co,454,385,57,169,7,1,1,0,7.341118186901819,0.3528740629014497
/page-00150,exampledomain.com,165,96,62,70,3,4,1,0,1.0,0.15360561140842094
/page-00151,demoapp.co,365,85,48,77,5,3,1,0,12.381381933762418,0.09998255143753754
/page-00152,testsite.io,100,137,63,133,5,4,0,1,1.9223231553710347,0.4813497809319528
/page-00153,demoapp.co,100,305,48,158,4,6,0,0,16.909896625496113,0.38138151279418053
/page-00154,exampledomain.com,217,614,48,165,3,3,1,0,4.10122471029108,0.4322680810507096
/page-00155,demoapp.co,433,148,53,60,4,7,1,0,3.215508195272637,0.08748292274912
/page-00156,testsite.io,102,321,55,121,6,1,1,0,19.0903001872477,0.299280010136687
/page-00157,demoapp.co,300,12,47,212,6,4,1,1,4.9874781455026636,0.3764133635862354
/page-00158,demoapp.co,100,17,59,167,8,2,1,0,12.439656296021333,0.3906428065747914
/page-00159,testsite.io,100,28,63,238,3,1,0,1,13.87957997772956,0.49208120027511615
/page-00160,demoapp.co,124,1225,70,113,4,4,0,0,8.247388279624495,0.16131206809958465
/page-00161,demoapp.co,822,14,45,106,3,3,0,0,8.413396894614554,0.514850718579307
/page-00162,demoapp.co,115,13,47,152,3,4,0,0,21.529155128249393,0.33072470139812
/page-00163,exampledomain.com,102,44,67,72,5,4,0,0,12.158970218945457,0.19236781436202932
/page-00164,demoapp.co,115,37,43,180,6,1,0,0,11.66626086221293,0.6316764025489496
/page-00165,exampledomain.com,115,116,64,125,10,2,1,0,1.0,0.32071896493388885
/page-00166,testsite.io,234,76,51,129,9,3,0,1,1.9890129582871126,0.1384517767968805
/page-00167,demoapp.co,100,170,55,137,7,2,0,0,12.47689604311088,0.2757516613250407
/page-00168,testsite.io,100,280,42,82,6,3,0,1,2.150117513439535,0.3126854986545347
/page-00169,testsite.io,100,122,59,76,6,3,0,0,6.088502921235155,0.4038598782543434
/page-00170,exampledomain.com,212,221,61,152,4,3,0,0,15.164208735696917,0.3530846149115922
/page-00171,exampledomain.com,153,215,38,141,3,3,0,0,5.662385592539769,0.4965987467653624
/page-00172,exampledomain.com,100,816,54,146,3,2,0,0,12.078201075295027,0.41324885381681975
/page-00173,demoapp.co,163,166,40,176,6,1,1,0,14.796653781019314,0.338180870275217
/page-00174,exampledomain.com,100,367,44,142,5,6,1,0,5.304951437115929,0.19074412924193457
/page-00175,exampledomain.com,100,11,53,169,2,5,1,1,5.252036969899601,0.16850886440221674
/page-00176,testsite.io,524,265,74,158,5,5,0,0,5.584658687616234,0.22604588428440878
/page-00177,demoapp.co,100,311,51,123,1,7,0,0,13.030157966987531,0.23808783905955663
/page-00178,exampledomain.com,318,12,54,107,3,3,0,0,1.020230609442537,0.6509462316717153
/page-00179,demoapp.co,113,30,46,120,4,2,0,0,1.7990813466247486,0.10720264963935922
/page-00180,testsite.io,181,716,48,99,3,3,0,2,1.7098605429756146,0.12478987745580819
/page-00181,demoapp.co,100,86,67,201,4,1,0,0,8.77838391145631,0.031618995372318194
/page-00182,demoapp.co,100,123,33,174,5,3,0,0,9.327940085155682,0.3946896126767587
/page-00183,testsite.io,100,84,55,211,7,3,1,0,8.50919001764239,0.4123879037898379
/page-00184,demoapp.co,100,475,42,218,7,1,0,0,13.939815548148554,0.17146546589888823
/page-00185,testsite.io,100,8,54,169,6,3,0,1,11.339041585427648,0.46687699675742617
/page-00186,exampledomain.com,256,207,50,139,3,2,0,0,3.028863053780098,0.27091763746260206
/page-00187,exampledomain.com,100,450,65,146,3,5,0,0,10.59987983715414,0.1443070076475437
/page-00188,testsite.io,100,26,40,163,2,7,1,1,6.718756828127536,0.20088254411566556
/page-00189,testsite.io,297,340,37,142,6,1,1,0,16.221742732171343,0.26533304255724816
/page-00190,testsite.io,100,90,38,186,3,3,0,0,9.927771392533838,0.1809715484239621
/page-00191,demoapp.co,100,248,54,99,4,4,0,0,5.232077118794643,0.5408349175730471
/page-00192,demoapp.co,100,2,57,104,4,3,0,1,9.469581355087499,0.4859940596705176
/page-00193,exampledomain.com,100,479,37,153,3,2,0,1,7.185091569645268,0.43951989981571793
/page-00194,exampledomain.com,199,235,46,30,2,2,0,0,9.686712965699396,0.3126182986486113
/page-00195,testsite.io,100,445,53,129,6,3,1,0,9.20281374489913,0.38744460242045964
/page-00196,demoapp.co,1747,11,65,144,4,3,0,0,7.941154002750097,0.24254430577447272
/page-00197,testsite.io,100,189,55,131,5,0,1,0,1.0,0.628737850280145
/page-00198,demoapp.co,139,144,55,136,5,7,0,0,12.406643088866245,0.12258822019524164
/page-00199,exampledomain.com,111,796,69,173,10,6,0,1,1.0,0.07792200882880547
/page-00200,testsite.io,100,125,48,64,6,1,0,0,6.4568793494385375,0.12670198623136708
/page-00201,testsite.io,317,245,56,130,10,3,0,0,13.061546880296781,0.2810929527562669
/page-00202,demoapp.co,100,455,41,104,2,2,0,1,7.241670226254624,0.1390710300991404
/page-00203,exampledomain.com,100,113,46,110,2,3,1,0,13.78437360568935,0.12391394574181785
/page-00204,exampledomain.com,100,81,65,149,5,2,0,0,12.399820547978852,0.20390457650462795
/page-00205,testsite.io,141,614,43,40,2,3,0,0,12.869028564923312,0.18037071104456584
/page-00206,exampledomain.com,182,364,58,87,4,2,0,1,1.0,0.20012078147464965
/page-00207,testsite.io,173,320,57,213,6,2,1,0,11.03881886346348,0.19718126942902864
/page-00208,testsite.io,100,273,42,182,3,2,0,0,13.704050804706803,0.22513287336524884
/page-00209,exampledomain.com,100,197,31,114,3,3,1,0,20.180335381412036,0.10103315370109792
/page-00210,exampledomain.com,100,161,63,173,5,2,0,0,6.920274566835741,0.1669173107123781
/page-00211,exampledomain.com,100,494,26,157,4,1,0,1,8.48554548849359,0.2162462318455774
/page-00212,demoapp.co,100,4,43,108,4,2,0,1,9.221980287075077,0.06584748210247178
/page-00213,demoapp.co,128,107,56,93,7,4,0,0,3.1474423115659125,0.5250823527890115
/page-00214,exampledomain.com,100,136,37,200,4,4,0,0,15.18211938998429,0.24357960931283304
/page-00215,testsite.io,123,73,62,129,6,2,0,0,5.6966577862122545,0.0902711007848347
/page-00216,demoapp.co,238,233,48,142,9,4,0,0,9.297502429551262,0.15430919749712982
/page-00217,demoapp.co,131,449,24,63,5,3,0,0,9.255769341610657,0.5535784895942573
/page-00218,testsite.io,1506,30,42,168,5,3,0,0,20.846115094624956,0.1798342439631181
/page-00219,exampledomain.com,529,71,48,135,6,1,0,0,14.91105437585303,0.31508239957785483
/page-00220,testsite.io,100,25,59,232,5,3,0,0,6.235295176558423,0.4775864636846503
/page-00221,demoapp.co,246,1,63,106,5,5,0,0,11.584648882702414,0.1867316082941626
/page-00222,exampledomain.com,100,276,63,159,3,4,0,1,2.898484297357796,0.2772339221781102
/page-00223,testsite.io,100,58,41,116,7,7,0,0,10.821238389980785,0.06542558578040107
/page-00224,demoapp.co,100,4,56,159,9,2,0,0,7.723088717909427,0.2476717384702908
/page-00225,testsite.io,185,12,44,68,9,1,0,0,3.07586574040473,0.29089291189292005
/page-00226,demoapp.co,100,94,69,68,3,3,0,0,4.907219327500719,0.054280906811828296
/page-00227,testsite.io,167,9,51,74,1,2,0,0,19.899854565239906,0.16747099016860137
/page-00228,demoapp.co,100,124,66,97,4,4,0,0,12.514549522654361,0.31570639802987277
/page-00229,testsite.io,176,214,56,172,4,5,0,0,9.32853783182941,0.6009808723932933
/page-00230,testsite.io,100,31,58,157,5,6,0,0,8.83781691123265,0.010499112808091645
/page-00231,testsite.io,100,353,64,114,6,2,1,0,6.028205848890369,0.3115386722453842
/page-00232,exampledomain.com,100,40,62,126,2,1,0,1,7.954762617859797,0.24434268378966434
/page-00233,testsite.io,100,501,33,151,8,3,0,0,10.799835711772516,0.09115436097745373
/page-00234,demoapp.co,154,221,57,99,5,0,0,1,3.8530554074427057,0.13914917722182893
/page-00235,testsite.io,201,485,43,114,2,4,0,0,1.0,0.030840983738544103
/page-00236,demoapp.co,100,157,63,62,6,3,0,1,9.812625031283623,0.27884344575846987
/page-00237,demoapp.co,113,312,54,142,8,1,0,0,6.851903002740387,0.21819482075776114
/page-00238,testsite.io,100,110,55,100,3,1,0,0,7.990788452373217,0.15927185980059025
/page-00239,testsite.io,100,49,62,101,2,4,1,0,12.797112009772697,0.28044270320673814
/page-00240,exampledomain.com,109,82,36,184,6,3,0,0,12.497294568374414,0.4277682632872834
/page-00241,demoapp.co,100,71,24,77,9,1,0,0,5.187891510630542,0.20125058376338936
/page-00242,exampledomain.com,139,51,44,99,10,2,0,0,9.676421061060466,0.36199186974567443
/page-00243,exampledomain.com,100,116,70,160,6,6,0,1,8.151836592457457,0.3608654243742356
/page-00244,demoapp.co,170,133,35,109,7,2,0,0,15.541026406845376,0.31103862864458776
/page-00245,testsite.io,270,202,55,80,9,5,0,0,10.95961321231631,0.395097729567484
/page-00246,exampledomain.com,100,244,53,90,6,3,0,2,14.501242398005541,0.19562412362864043
/page-00247,exampledomain.com,1239,209,52,133,7,2,0,0,12.9443045379711,0.21989853993333516
/page-00248,exampledomain.com,100,50,57,123,5,3,0,0,7.3033366433511855,0.24783710330205774
/page-00249,exampledomain.com,100,101,70,146,6,3,0,0,16.43471933852713,0.46918274138637334
/page-00250,exampledomain.com,384,479,37,144,5,3,1,0,2.0985228890103675,0.35513879255193775
/page-00251,exampledomain.com,165,184,48,143,7,3,0,0,5.923543072155879,0.35364233396429734
/page-00252,testsite.io,100,276,28,70,6,4,0,0,20.862151743163523,0.40011453362547067
/page-00253,testsite.io,100,352,72,108,2,3,0,0,5.7613376220924035,0.11690144457004227
/page-00254,exampledomain.com,105,153,53,168,5,3,0,1,8.666313667709662,0.2544674804867201
/page-00255,demoapp.co,167,160,47,121,8,3,0,0,9.418673306769211,0.3720278580102302
/page-00256,exampledomain.com,100,253,61,47,2,4,1,0,6.303892726966765,0.36622143379576544
/page-00257,demoapp.co,107,430,60,229,2,4,0,1,1.0,0.2630225510356155
/page-00258,exampledomain.com,100,106,58,125,5,2,0,1,11.331753091434718,0.41502204251045
/page-00259,exampledomain.com,100,230,51,98,5,1,0,1,6.7599229679560455,0.1838937245016608
/page-00260,exampledomain.com,110,112,63,134,2,5,0,0,6.255478379654751,0.15442168174358556
/page-00261,testsite.io,145,112,52,94,2,3,0,1,5.54852334740667,0.2984605677889262
/page-00262,testsite.io,218,331,34,127,4,3,0,0,7.016596064130709,0.1581004957643642
/page-00263,exampledomain.com,100,244,58,128,6,3,0,0,4.559174269499913,0.26990876024108756
/page-00264,testsite.io,180,102,40,113,3,4,0,0,5.027018928986216,0.14272772122081095
/page-00265,exampledomain.com,100,175,55,114,7,2,0,0,4.9508489660721295,0.32430831905437496
/page-00266,exampledomain.com,241,498,43,67,3,1,0,0,5.118628598912116,0.369070478974275
/page-00267,demoapp.co,100,81,50,102,6,2,0,0,7.964326758215498,0.44008129944449936
/page-00268,testsite.io,206,229,55,136,6,4,0,1,9.959691006136836,0.5467529155263818
/page-00269,exampledomain.com,173,65,67,163,2,3,0,0,14.534491080009168,0.4280069746869435
/page-00270,demoapp.co,123,157,57,117,9,5,0,0,7.542134832869145,0.5515443382179812
/page-00271,demoapp.co,100,102,49,120,7,2,0,0,15.605673701396203,0.20034098720679805
/page-00272,exampledomain.com,267,197,57,108,4,3,1,0,11.546619729450832,0.18481949561813094
/page-00273,demoapp.co,116,97,58,55,10,5,0,0,5.79266891660307,0.07356094290924312
/page-00274,testsite.io,232,195,52,161,7,4,1,0,10.764162269586716,0.17020939867069737
/page-00275,testsite.io,100,283,42,86,6,2,0,0,16.489374256616806,0.5953038223575638
/page-00276,demoapp.co,186,38,67,159,3,2,1,0,13.678545125982206,0.5018774960621939
/page-00277,exampledomain.com,281,42,58,89,7,2,0,0,4.658112037493183,0.29031223340666457
/page-00278,exampledomain.com,100,543,69,88,1,1,0,0,2.762702256773837,0.09999728593474384
/page-00279,testsite.io,100,97,47,79,2,2,0,0,13.096710284680812,0.3429261260439027
/page-00280,demoapp.co,100,139,42,199,3,2,0,1,6.521672590611015,0.517705415277688
/page-00281,exampledomain.com,308,17,58,82,5,1,0,0,10.498328347469647,0.09032806390464863
/page-00282,demoapp.co,100,223,48,202,1,1,0,0,6.025926705606082,0.10840766123727316
/page-00283,testsite.io,100,155,59,161,6,5,0,1,15.167597260699123,0.2159535529301399
/page-00284,exampledomain.com,100,681,32,163,4,3,0,0,10.992364083258572,0.5751626633804635
/page-00285,exampledomain.com,100,7,58,104,7,4,0,0,20.225239632259168,0.3021943267059336
/page-00286,demoapp.co,100,117,57,185,4,3,0,0,8.73770309275243,0.16647012151757096
/page-00287,demoapp.co,100,118,53,137,5,5,0,0,4.510497065724447,0.07249345634440721
/page-00288,demoapp.co,100,110,60,101,7,6,0,0,13.42538252742795,0.0551732511119168
/page-00289,exampledomain.com,223,14,56,149,8,2,1,0,10.406286588710039,0.401916007034629
/page-00290,demoapp.co,100,587,45,51,5,1,0,0,13.793454116383813,0.25019003320927685
/page-00291,testsite.io,510,44,63,110,5,4,0,1,9.173708218687453,0.22165717929976472
/page-00292,exampledomain.com,145,26,42,184,5,3,0,0,8.212546170384009,0.5192144102118958
/page-00293,exampledomain.com,100,53,58,131,10,4,1,0,10.501828851466069,0.3640688453858397
/page-00294,testsite.io,100,159,40,144,10,7,0,0,16.744346404530404,0.15807511652377923
/page-00295,demoapp.co,100,60,58,111,7,2,1,0,9.202121382428107,0.42848459089495716
/page-00296,testsite.io,165,497,72,179,4,0,0,0,1.0,0.18625797057102816
/page-00297,testsite.io,100,145,71,124,5,2,0,0,3.563861113598775,0.35923825988042835
/page-00298,demoapp.co,100,94,50,124,4,5,0,0,16.070454697522994,0.30448188328166764
/page-00299,demoapp.co,100,26,59,85,4,3,0,1,8.027097059519786,0.02282726825111138
/page-00300,testsite.io,100,0,75,143,5,1,0,0,9.823345789289924,0.08208386107976998
/page-00301,testsite.io,100,120,68,174,8,4,0,0,1.0,0.12758905186889175
/page-00302,demoapp.co,335,668,42,158,5,2,0,0,14.215917867128034,0.2880683480597966
/page-00303,exampledomain.com,243,339,59,225,4,2,0,0,14.955489627509724,0.3259774218790968
/page-00304,exampledomain.com,168,36,49,95,7,5,0,1,4.064492615933867,0.2880940364335135
/page-00305,exampledomain.com,100,115,47,95,4,2,0,0,9.677334555487935,0.29157077149782107
/page-00306,demoapp.co,100,162,32,117,1,1,0,0,7.800078610635555,0.23193561916077673
/page-00307,testsite.io,111,328,53,133,6,1,0,0,1.0,0.2950557597835995
/page-00308,testsite.io,182,577,48,122,11,3,0,0,12.929073846677232,0.6022104826679503
/page-00309,testsite.io,100,140,68,67,3,1,0,0,4.2355778111347835,0.3626934361467507
/page-00310,demoapp.co,100,447,63,109,5,4,0,0,2.7887119732690344,0.5406838487314997
/page-00311,demoapp.co,100,18,51,157,3,6,0,1,7.3328864425873,0.45716951161291824
/page-00312,demoapp.co,100,672,45,155,3,6,0,0,11.049173519202759,0.15113800043109288
/page-00313,demoapp.co,165,53,49,153,5,4,0,1,9.920297870982772,0.1507488280722268
/page-00314,testsite.io,100,44,45,131,4,2,0,0,3.181207600032524,0.5845472500423858
/page-00315,demoapp.co,281,443,48,104,2,2,0,0,11.257251254030093,0.21341907695855017
/page-00316,testsite.io,187,810,79,165,5,6,0,0,4.146587948784349,0.29901960431700453
/page-00317,demoapp.co,100,42,50,150,7,2,0,0,11.145564592791905,0.2264401701720013
/page-00318,testsite.io,428,230,42,92,7,3,0,0,16.830740461907766,0.3366825591474476
/page-00319,demoapp.co,315,284,46,83,2,3,0,0,6.406573040773454,0.19446099135875375
/page-00320,testsite.io,179,57,61,109,6,3,1,0,8.204324774230036,0.24599439608343263
/page-00321,testsite.io,117,136,38,77,4,3,0,3,1.0,0.4875919335903221
/page-00322,demoapp.co,339,186,52,145,7,1,0,0,8.232410106598676,0.4802007360089067
/page-00323,exampledomain.com,100,86,35,93,7,4,0,0,1.0,0.23737817465853484
/page-00324,exampledomain.com,100,12,59,138,4,2,0,0,5.1088534294004315,0.538258979453147
/page-00325,demoapp.co,100,107,61,132,3,0,1,1,6.572555433579416,0.35979292003055585
/page-00326,exampledomain.com,100,106,38,111,5,7,1,0,16.39736689814832,0.16598889269313252
/page-00327,testsite.io,283,296,55,136,6,3,0,0,16.514612234062533,0.16522910474152427
/page-00328,testsite.io,100,87,34,41,4,6,0,0,10.555949441788345,0.14631014630736427
/page-00329,testsite.io,339,263,51,148,4,2,0,0,13.42125734309095,0.17363299902909704
/page-00330,exampledomain.com,488,3,50,76,8,1,1,1,17.121553378869734,0.2934702519680504
/page-00331,demoapp.co,282,191,62,126,14,1,0,3,15.066727761649396,0.14813859984490557
/page-00332,testsite.io,109,399,70,193,3,6,1,2,5.000012325948472,0.22864014988386006
/page-00333,testsite.io,100,71,57,136,6,2,0,0,7.4611709254380045,0.14488815350801562
/page-00334,demoapp.co,267,286,43,153,6,3,1,0,1.0,0.31025396739096667
/page-00335,demoapp.co,159,13,59,85,3,3,0,1,1.0,0.5493683589293118
/page-00336,demoapp.co,101,149,43,175,3,7,0,1,2.874493132009219,0.11596413850273556
/page-00337,exampledomain.com,100,47,57,124,5,7,0,0,10.25457114763947,0.19391541637125898
/page-00338,exampledomain.com,100,93,37,108,10,2,0,0,7.2089845810219915,0.25530723727929444
/page-00339,testsite.io,119,4,27,81,3,4,1,0,8.244097037007387,0.10936735603135998
/page-00340,exampledomain.com,100,45,61,151,0,2,1,0,12.384916068731503,0.4456433502990091
/page-00341,demoapp.co,116,108,61,172,6,6,0,1,9.484239718513129,0.09769270389506694
/page-00342,testsite.io,100,132,46,191,3,3,1,0,16.242179235147177,0.34173780903342954
/page-00343,exampledomain.com,100,414,48,174,1,5,0,0,10.325488604527774,0.5057286320764147
/page-00344,exampledomain.com,150,507,54,171,8,3,1,1,4.425358749049256,0.32902361024931026
/page-00345,testsite.io,257,157,59,159,5,2,0,0,7.837716857104931,0.3910561889409454
/page-00346,testsite.io,100,112,52,122,3,2,0,0,9.574962173267284,0.3989200534254018
/page-00347,exampledomain.com,100,39,58,194,6,3,0,1,11.502787481128546,0.24581448682621646
/page-00348,demoapp.co,100,56,54,136,5,7,0,1,11.133710089717663,0.06778404701606679
/page-00349,demoapp.co,175,139,60,105,5,2,0,0,5.545259866981796,0.18497853000554204
/page-00350,testsite.io,100,28,60,43,7,1,0,0,11.665426215144414,0.5788980712553914
/page-00351,testsite.io,100,724,45,142,6,0,0,0,8.02740577466684,0.1489209345731696
/page-00352,demoapp.co,100,281,41,194,3,1,0,0,8.096434484701236,0.4201761192417481
/page-00353,demoapp.co,499,112,45,166,7,0,0,0,1.0,0.30557607683047083
/page-00354,demoapp.co,100,129,50,175,6,4,0,0,7.937375154071716,0.2543680434896309
/page-00355,testsite.io,121,157,30,133,7,3,0,1,13.411550231070748,0.5981115215157162
/page-00356,demoapp.co,100,169,58,127,5,2,0,1,12.422619736383098,0.07312564088122953
/page-00357,demoapp.co,121,274,61,93,2,2,0,0,6.452700728661233,0.29637884535333503
/page-00358,demoapp.co,100,278,42,145,2,3,0,0,10.362736546922935,0.637489312333621
/page-00359,exampledomain.com,151,101,68,133,7,2,0,0,13.892800769552208,0.42506816438741546
/page-00360,testsite.io,159,259,64,157,3,5,0,0,1.0,0.2566484952558923
/page-00361,exampledomain.com,637,128,52,86,8,3,0,1,11.89556153432135,0.5147767489556878
/page-00362,exampledomain.com,100,111,41,112,6,3,0,1,5.989161245404063,0.47712503285114855
/page-00363,testsite.io,346,299,46,89,6,4,0,1,17.659092846777156,0.20254642966183425
/page-00364,demoapp.co,374,120,38,114,3,3,0,0,3.536030743469638,0.15753272020824047
/page-00365,exampledomain.com,364,81,51,131,3,1,0,0,17.714639131078812,0.24388515488830018
/page-00366,exampledomain.com,100,153,49,95,4,2,0,2,1.0,0.4108120159641505
/page-00367,exampledomain.com,100,573,35,72,6,1,0,0,7.716072858511145,0.14612287131541143
/page-00368,demoapp.co,167,106,47,67,10,4,0,1,11.213847628295023,0.6033982268500516
/page-00369,exampledomain.com,100,309,65,103,2,4,0,0,2.497063553242321,0.1774202206517694
/page-00370,demoapp.co,102,117,41,99,7,2,0,1,10.836932338821407,0.13097940045487252
/page-00371,exampledomain.com,100,59,45,119,5,6,0,0,1.0,0.4849874098426186
/page-00372,exampledomain.com,100,670,62,119,7,2,0,0,15.962435269523372,0.26045862504649303
/page-00373,testsite.io,106,52,56,75,7,3,0,1,3.614472302999787,0.3640179645837721
/page-00374,demoapp.co,100,14,50,110,3,2,0,0,6.8931847921310085,0.32000643454729844
/page-00375,exampledomain.com,413,202,40,121,5,2,0,0,6.055220547769659,0.15667150447779682
/page-00376,testsite.io,100,81,49,173,6,3,0,0,16.678605776095992,0.38260602743701033
/page-00377,exampledomain.com,930,390,49,144,4,1,0,1,9.00079394707529,0.16323884866612356
/page-00378,testsite.io,100,269,59,117,3,3,1,0,11.912637355464877,0.15292383971171858
/page-00379,testsite.io,100,220,44,160,1,2,1,0,9.202642269922485,0.46998269372613155
/page-00380,demoapp.co,406,57,46,149,3,2,0,0,12.761391331500487,0.10196595442891085
/page-00381,exampledomain.com,192,182,51,156,3,2,0,0,4.316413301339926,0.27895974393502315
/page-00382,exampledomain.com,100,515,40,71,5,2,0,0,1.0,0.23531856274593493
/page-00383,testsite.io,843,112,55,142,6,1,0,0,1.1129490745287391,0.13050624403936764
/page-00384,exampledomain.com,104,52,51,87,2,1,0,1,1.0,0.17499921158359574
/page-00385,demoapp.co,100,175,45,188,9,1,0,0,12.98011665564031,0.08608385867152002
/page-00386,testsite.io,404,32,68,35,3,4,0,0,4.257874724466459,0.2715677108609486
/page-00387,testsite.io,100,155,50,95,4,5,0,0,5.803223411519277,0.1726097862738354
/page-00388,demoapp.co,100,219,50,93,9,3,0,0,8.04404934546712,0.2136191444896899
/page-00389,exampledomain.com,307,42,36,154,3,2,0,0,9.347326314505592,0.08150753072117198
/page-00390,demoapp.co,100,196,72,130,6,2,0,0,4.91273461514378,0.05498012781625088
/page-00391,testsite.io,100,799,42,158,5,3,0,1,9.202272155813631,0.43970681373639464
/page-00392,testsite.io,390,51,57,172,7,1,0,0,3.195265647885247,0.3867118729366983
/page-00393,exampledomain.com,247,267,32,158,5,0,0,1,12.898434688127594,0.11026197353072402
/page-00394,testsite.io,100,76,56,68,4,4,0,0,1.0,0.23076861581224842
/page-00395,demoapp.co,149,10,56,112,5,4,0,0,4.891099338348049,0.030778792210869016
/page-00396,testsite.io,100,267,58,91,3,2,0,0,3.1921107199835026,0.15693395692825443
/page-00397,testsite.io,214,81,78,166,6,3,0,0,12.352081436584893,0.3475615953167737
/page-00398,exampledomain.com,100,5,59,106,1,2,0,0,7.713764799094318,0.17677722500994061
/page-00399,demoapp.co,100,82,52,187,9,4,0,0,5.822407922554458,0.6439610859156235
/page-00400,demoapp.co,131,247,52,97,5,6,0,1,8.914352299768654,0.34932740558452396
/page-00401,demoapp.co,100,420,52,142,6,3,0,0,7.586992307195305,0.42894481106001664
/page-00402,exampledomain.com,326,196,51,190,2,3,0,0,7.90496872107725,0.22755725517280298
/page-00403,exampledomain.com,109,59,52,184,5,2,0,1,18.019840899852632,0.617268968659711
/page-00404,testsite.io,183,53,59,111,6,5,1,0,3.2757320846616276,0.46044627284131084
/page-00405,demoapp.co,198,147,47,170,7,2,1,0,6.282173799185074,0.2964403494059319
/page-00406,exampledomain.com,100,108,53,128,3,1,0,0,12.316891202057953,0.2972553311413668
/page-00407,testsite.io,100,323,40,123,4,7,0,0,10.758885540399103,0.14929853191066397
/page-00408,demoapp.co,218,358,73,137,4,2,0,0,6.858207173830429,0.1289762246780806
/page-00409,testsite.io,219,133,52,131,4,3,0,1,8.004469274443602,0.17187502219994372
/page-00410,testsite.io,302,230,33,170,1,3,0,0,21.045687946108583,0.6587972686383863
/page-00411,exampledomain.com,100,89,50,86,4,4,0,0,1.0,0.31901084987893424
/page-00412,testsite.io,100,84,58,138,4,2,0,1,12.322181502415384,0.4290561302158055
/page-00413,exampledomain.com,100,65,30,127,3,2,0,0,11.0509563853069,0.16775444259452915
/page-00414,demoapp.co,363,49,55,227,2,7,0,0,15.131689970558982,0.4734657717381769
/page-00415,testsite.io,100,109,55,191,4,2,0,0,7.547930471891927,0.08864718335672803
/page-00416,exampledomain.com,100,251,49,48,7,1,0,0,11.527889688820235,0.4762503670520274
/page-00417,testsite.io,117,135,59,99,6,7,0,0,9.144769308280962,0.37336290145108375
/page-00418,exampledomain.com,1872,70,41,196,4,3,1,1,16.020336098043153,0.13520827946550065
/page-00419,testsite.io,100,257,43,233,5,2,1,0,1.0,0.20266488692963397
/page-00420,testsite.io,100,200,38,104,7,2,0,0,11.426110954541153,0.2612650323965091
/page-00421,testsite.io,169,97,48,104,6,1,0,0,6.912744103170744,0.278096198100136
/page-00422,demoapp.co,129,425,52,101,3,7,0,0,11.489698127627499,0.4333909160483521
/page-00423,testsite.io,100,8,50,127,2,3,0,0,3.175229398949419,0.4634434438967764
/page-00424,exampledomain.com,136,249,46,30,5,2,0,0,1.0051019982042648,0.31296991033328864
/page-00425,demoapp.co,375,255,44,111,5,3,0,1,14.392444890391184,0.163304705764467
/page-00426,exampledomain.com,100,169,39,143,3,1,0,1,9.379631928898693,0.46052767311973863
/page-00427,testsite.io,161,135,53,166,5,2,0,0,3.6055491208807267,0.1947344067845083
/page-00428,exampledomain.com,100,159,26,153,1,3,0,0,13.429300519907056,0.2762666712678572
/page-00429,demoapp.co,100,530,45,101,7,1,1,0,8.593661546885418,0.332128287529337
/page-00430,exampledomain.com,100,59,45,239,5,4,0,0,10.288807808479518,0.22692219225890523
/page-00431,demoapp.co,201,172,40,204,2,2,0,0,12.173918270119248,0.22453582624696466
/page-00432,exampledomain.com,100,6,79,100,8,3,0,0,1.0,0.19208579639532525
/page-00433,testsite.io,100,366,53,87,4,0,1,0,9.532558259856451,0.3904626057647473
/page-00434,testsite.io,172,330,50,173,4,1,0,0,2.468152559683647,0.13241087228323947
/page-00435,demoapp.co,100,52,68,142,5,2,0,0,11.07926526972066,0.15699456131021797
/page-00436,exampledomain.com,100,135,55,116,8,3,0,0,10.332299339472241,0.27205419277943477
/page-00437,exampledomain.com,318,64,70,154,8,6,0,0,10.260802570770796,0.2780827453167734
/page-00438,demoapp.co,100,67,34,160,2,0,0,0,7.38175738219593,0.4006445147304188
/page-00439,exampledomain.com,100,135,56,118,6,1,0,0,6.018553757375388,0.38502432104929546
/page-00440,exampledomain.com,154,673,70,174,8,1,1,0,9.721066218469463,0.05155399854878465
/page-00441,demoapp.co,100,68,72,150,6,0,0,1,1.0,0.15632086149730545
/page-00442,demoapp.co,100,54,64,106,5,0,0,0,9.277508499271779,0.3676945918074528
/page-00443,demoapp.co,447,74,57,119,6,2,0,0,13.271469813708485,0.11178579435436418
/page-00444,testsite.io,100,64,48,132,4,3,0,0,2.5370024276323857,0.04477449690788648
/page-00445,demoapp.co,100,27,69,85,4,3,0,1,9.984581529252733,0.3484242528509011
/page-00446,testsite.io,100,210,27,150,4,1,0,0,9.160242628531554,0.05384192749271574
/page-00447,demoapp.co,100,18,86,152,11,5,0,0,3.0476083562420673,0.20285623961292695
/page-00448,demoapp.co,250,167,51,123,6,5,0,0,1.0,0.02968749464475017
/page-00449,exampledomain.com,201,52,43,162,5,4,0,0,10.498621423504837,0.282582069554504
/page-00450,demoapp.co,100,73,64,87,6,3,1,1,10.557919334719166,0.14808564201128455
/page-00451,exampledomain.com,100,69,51,92,6,1,0,0,3.939811506538857,0.31291950956156805
/page-00452,demoapp.co,459,71,44,121,6,5,0,0,13.271889476014334,0.22303242842556495
/page-00453,exampledomain.com,118,76,41,145,8,2,0,0,5.74300622702384,0.3564737251773904
/page-00454,testsite.io,374,186,51,159,9,2,1,0,5.395420460975786,0.47964202727781974
/page-00455,exampledomain.com,100,95,41,124,3,3,0,0,1.8800267017748515,0.3702232090556919
/page-00456,testsite.io,104,6,71,167,5,3,1,0,13.278995999915864,0.6243589192954891
/page-00457,exampledomain.com,113,58,54,136,7,3,0,0,5.469600128701452,0.0632480003190731
/page-00458,exampledomain.com,109,4,54,110,6,6,0,0,11.63351072058262,0.247868990109963
/page-00459,demoapp.co,100,66,66,112,3,6,0,0,2.8861898939264865,0.5519355106801472
/page-00460,testsite.io,415,29,34,167,3,2,0,0,13.702158612661211,0.5771184074576499
/page-00461,demoapp.co,114,54,44,170,8,2,0,0,12.913906839859283,0.13529127067577448
/page-00462,exampledomain.com,100,110,40,153,2,3,0,0,5.741594272920334,0.1709817090622221
/page-00463,testsite.io,210,19,72,142,10,3,1,0,7.784494519214031,0.05582928604689849
/page-00464,exampledomain.com,100,341,77,138,5,2,0,1,7.787258694669256,0.3184755991116057
/page-00465,exampledomain.com,100,77,31,120,8,2,0,0,9.463466977115294,0.3331340480087865
/page-00466,demoapp.co,100,52,45,148,1,4,0,0,7.4922549912041205,0.15248770761938693
/page-00467,demoapp.co,100,70,43,94,8,2,1,0,6.314481136941899,0.02757473550215064
/page-00468,exampledomain.com,151,25,42,134,1,3,0,1,3.6861601555168857,0.1250905936324931
/page-00469,exampledomain.com,227,178,33,138,1,8,0,1,15.12992103232473,0.2691360883209144
/page-00470,demoapp.co,100,85,57,136,4,2,0,0,5.454448825053879,0.4346147045389498
/page-00471,demoapp.co,100,727,58,65,6,4,0,0,8.052772675091623,0.2871058589770454
/page-00472,testsite.io,100,23,43,138,10,4,0,0,5.565053080786104,0.18462433389479108
/page-00473,exampledomain.com,113,280,61,73,2,2,0,0,8.84680705256862,0.1779645835726092
/page-00474,exampledomain.com,678,108,17,88,6,2,0,1,17.08666251648896,0.6310696151709532
/page-00475,exampledomain.com,100,232,36,97,12,2,0,0,1.0,0.005369340418913177
/page-00476,exampledomain.com,100,126,52,80,6,4,0,1,14.161188368300369,0.040191190853745146
/page-00477,exampledomain.com,100,2,78,138,3,5,0,0,3.8584783154929205,0.1916831899631568
/page-00478,exampledomain.com,100,299,67,156,4,3,0,0,12.675138183690628,0.3886086340386878
/page-00479,testsite.io,100,481,85,88,7,0,0,0,1.0,0.21345679637558795
/page-00480,testsite.io,164,27,57,89,4,4,0,0,4.411765993903664,0.514494663515782
/page-00481,testsite.io,100,155,55,136,1,0,0,0,1.0,0.264279273630493
/page-00482,testsite.io,348,135,49,113,3,0,0,1,11.35278836841591,0.2461293460940999
/page-00483,demoapp.co,128,89,38,123,1,2,0,0,11.15620708866495,0.23499970801880016
/page-00484,testsite.io,100,505,59,102,7,2,0,1,12.172635312562278,0.4562106902446003
/page-00485,testsite.io,100,136,58,115,2,8,0,0,3.989236680070263,0.16657072384763355
/page-00486,demoapp.co,140,724,53,161,3,3,0,0,9.029301856256064,0.2772328626690122
/page-00487,exampledomain.com,100,401,54,202,4,3,0,0,8.74287834816415,0.24899455133272536
/page-00488,exampledomain.com,100,98,28,81,2,3,0,0,6.365437823254297,0.3820797308058697
/page-00489,demoapp.co,100,414,51,111,7,3,0,1,4.95244001636112,0.3402101798875512
/page-00490,demoapp.co,100,60,65,124,9,4,0,1,11.730390451750328,0.22031087817622547
/page-00491,demoapp.co,137,23,57,147,2,1,0,0,12.40826898677993,0.3148459170351101
/page-00492,demoapp.co,446,5,65,138,6,5,0,1,2.9805522592440497,0.2018507525744029
/page-00493,exampledomain.com,132,102,47,92,4,3,0,1,14.576673726078557,0.18635418760093364
/page-00494,demoapp.co,516,120,50,110,2,5,0,0,4.642739751317665,0.17529147834098943
/page-00495,exampledomain.com,100,165,78,145,3,3,0,0,15.561160352131878,0.4424975062321639
/page-00496,testsite.io,100,206,80,137,4,4,0,0,1.0752976023407772,0.056718867043960806
/page-00497,exampledomain.com,104,86,59,153,5,7,0,0,17.359132187658876,0.10964273463738816
/page-00498,testsite.io,100,398,55,145,4,6,0,0,6.92854090830405,0.361830239608345
/page-00499,testsite.io,443,56,60,129,7,3,0,0,5.873277237530395,0.13648074543147254
/page-00500,exampledomain.com,341,25,52,151,3,6,0,0,13.727095898485384,0.2472717063451227
/page-00501,exampledomain.com,100,116,68,76,3,1,0,2,9.312151788335166,0.30586375741966804
/page-00502,testsite.io,113,212,45,95,3,5,0,1,9.828081515543653,0.2815729127701202
/page-00503,testsite.io,374,558,57,111,4,1,0,0,1.0,0.0715631385309703
/page-00504,exampledomain.com,141,376,51,122,5,6,0,1,4.819296024444757,0.43761219679008756
/page-00505,demoapp.co,100,479,34,130,4,3,0,1,8.938877193064526,0.1526623755651195
/page-00506,exampledomain.com,100,49,31,143,5,3,0,1,13.95034583057852,0.5954778295764356
/page-00507,demoapp.co,100,15,69,129,5,0,0,0,3.7382241190642542,0.14831260516279002
/page-00508,demoapp.co,100,246,45,121,5,3,0,0,5.6691973448613275,0.7335039387559913
/page-00509,testsite.io,114,4,46,172,2,1,1,1,6.272226044723991,0.34688033455756495
/page-00510,testsite.io,1988,200,61,213,7,2,1,0,5.711154631606897,0.13519280723657576
/page-00511,demoapp.co,100,128,35,152,5,2,0,0,11.661168715759402,0.13967902927571949
/page-00512,testsite.io,995,15,53,123,4,5,0,0,12.150463237183178,0.5893713037627267
/page-00513,testsite.io,109,227,31,30,1,3,0,0,15.578873017811008,0.6176741863020074
/page-00514,testsite.io,386,127,49,174,2,2,0,0,9.769123860822923,0.8146786886302778
/page-00515,exampledomain.com,282,71,69,157,0,4,0,0,9.667989706663334,0.4351799569420709
/page-00516,demoapp.co,100,18,47,151,10,1,0,0,7.87930924315962,0.5299864761464668
/page-00517,demoapp.co,100,37,55,138,4,3,0,0,12.957183385167372,0.029306929041996985
/page-00518,demoapp.co,109,58,83,220,10,2,0,0,2.8927844082119236,0.07245619446586164
/page-00519,demoapp.co,495,736,51,193,4,3,0,0,5.181784938676602,0.39754055932764865
/page-00520,exampledomain.com,105,20,55,135,5,5,0,0,9.840392410136262,0.08775630106789385
/page-00521,demoapp.co,177,14,34,113,4,7,0,0,4.215879526110097,0.2701161083043556
/page-00522,demoapp.co,110,45,48,166,8,2,0,1,4.927857805894264,0.6181959720455614
/page-00523,testsite.io,100,467,31,122,4,3,0,0,14.576247094247687,0.16784764156745977
/page-00524,exampledomain.com,100,344,53,143,7,3,0,1,8.956074525747312,0.5090155826142388
/page-00525,testsite.io,171,103,61,128,5,3,0,0,10.19193914527201,0.7454052893229873
/page-00526,exampledomain.com,170,16,63,93,8,0,0,1,7.041230513668309,0.06571874902300683
/page-00527,demoapp.co,100,127,56,100,0,2,0,0,7.57680192188755,0.13826700044112433
/page-00528,exampledomain.com,112,23,51,175,1,3,0,1,1.0,0.10881218527274497
/page-00529,demoapp.co,100,161,75,115,3,3,0,0,13.034249725114849,0.21111147554279155
/page-00530,demoapp.co,100,12,46,137,7,3,0,0,9.037493717668596,0.40284859543139406
/page-00531,exampledomain.com,100,196,60,99,4,8,1,1,13.224892553393259,0.027230774318834708
/page-00532,testsite.io,334,429,65,140,6,2,1,1,1.0,0.12911688347697914
/page-00533,demoapp.co,100,196,46,150,4,4,0,0,14.069751140696976,0.15437452681674158
/page-00534,exampledomain.com,258,181,45,139,4,5,0,0,6.6058613616718365,0.4469338381966861
/page-00535,demoapp.co,100,114,51,67,4,1,0,0,9.66632237799913,0.009806570972737341
/page-00536,testsite.io,675,20,45,72,4,5,0,0,7.582345898103338,0.4770611395186394
/page-00537,testsite.io,100,55,48,54,4,2,0,0,1.0,0.444306555929148
/page-00538,exampledomain.com,100,37,55,132,8,0,0,1,1.9406353586046894,0.6208971961915972
/page-00539,demoapp.co,155,4,60,81,7,6,0,1,4.988087042859501,0.43341614511867316
/page-00540,testsite.io,119,159,37,92,1,0,0,0,3.3783797989101583,0.27798993543838263
/page-00541,exampledomain.com,100,115,47,181,8,3,0,0,4.494618652836757,0.25639938627897757
/page-00542,demoapp.co,304,121,41,178,3,0,0,0,7.740961373563898,0.11548187456114821
/page-00543,exampledomain.com,100,100,62,168,8,5,0,0,7.771812548344037,0.1737779864058972
/page-00544,demoapp.co,602,71,31,122,3,0,0,0,7.077278335041601,0.5366285471032027
/page-00545,demoapp.co,100,19,71,30,4,5,0,2,5.795321822824904,0.3225647576856927
/page-00546,demoapp.co,100,1103,58,77,5,3,1,0,4.850614550329837,0.22415411654550732
/page-00547,demoapp.co,100,81,51,50,8,3,0,0,15.58895092906625,0.3773559466867211
/page-00548,testsite.io,304,263,48,190,8,4,0,0,12.586506004861782,0.3556250997613869
/page-00549,exampledomain.com,100,48,49,54,3,7,1,0,11.131613191962533,0.4542255308027778
/page-00550,demoapp.co,100,162,39,91,6,1,0,0,11.65519215473611,0.18673974991386036
/page-00551,testsite.io,100,307,63,65,3,2,0,0,9.666693479340008,0.6555706350041131
/page-00552,demoapp.co,165,149,25,169,6,4,1,1,3.6336153756053022,0.05922743023159248
/page-00553,demoapp.co,134,128,60,185,8,2,0,0,10.450930561524386,0.2890729646214286
/page-00554,demoapp.co,100,186,33,170,7,1,0,0,8.332501988588831,0.4028479216219552
/page-00555,exampledomain.com,169,17,48,172,2,3,0,0,1.0,0.4998545286925925
/page-00556,exampledomain.com,184,71,44,162,4,2,0,0,6.326928656682915,0.616280880752416
/page-00557,exampledomain.com,100,480,44,107,7,7,0,0,6.83564305210302,0.34522973349832387
/page-00558,exampledomain.com,100,153,47,99,4,4,0,0,5.257333779167382,0.07907191546323393
/page-00559,demoapp.co,101,357,55,151,5,4,0,0,11.626655164544907,0.5318183303998947
/page-00560,testsite.io,100,48,49,153,6,1,0,2,18.522628228610827,0.08995489157539123
/page-00561,testsite.io,187,24,47,78,5,2,0,0,4.855313368581771,0.04200812882486775
/page-00562,exampledomain.com,100,68,29,171,4,5,0,0,5.510250877562104,0.028974294865255063
/page-00563,exampledomain.com,100,39,51,187,6,6,0,0,1.0,0.0677522486661991
/page-00564,testsite.io,100,16,39,133,3,2,0,0,5.270643662868492,0.19497217951179455
/page-00565,testsite.io,325,19,64,120,9,1,0,0,14.458083055702433,0.3561820343711461
/page-00566,exampledomain.com,631,335,57,104,6,2,0,0,10.277765776695594,0.1687394753025199
/page-00567,demoapp.co,100,196,67,201,6,2,1,0,3.8313527009853914,0.5619425853670746
/page-00568,exampledomain.com,233,151,73,189,1,3,0,0,4.994260113805658,0.5032361780596911
/page-00569,exampledomain.com,185,500,66,107,2,5,0,0,4.202873901081869,0.06262942606693485
/page-00570,exampledomain.com,100,133,40,204,5,5,0,0,12.043385975167933,0.028311910627795346
/page-00571,demoapp.co,161,289,60,126,5,4,1,0,6.340992333903734,0.34151416718887134
/page-00572,testsite.io,100,272,60,119,4,3,0,0,1.0,0.25273763758233436
/page-00573,testsite.io,100,174,57,108,9,4,0,0,12.553162642995602,0.3420528711393697
/page-00574,exampledomain.com,100,143,57,134,5,2,0,1,12.063391748472057,0.44491004176657367
/page-00575,exampledomain.com,100,77,25,165,5,5,0,0,17.359236431115185,0.6475845975713754
/page-00576,testsite.io,301,305,49,165,2,0,0,0,7.277031102952173,0.34773033218327976
/page-00577,demoapp.co,103,467,49,166,8,4,0,0,5.967084212179939,0.16720782159946213
/page-00578,exampledomain.com,100,406,70,243,6,3,0,0,1.0,0.3485813902013163
/page-00579,exampledomain.com,132,609,60,135,3,5,0,1,1.0,0.1941046486610482
/page-00580,testsite.io,100,111,60,139,7,2,0,0,1.0,0.4192710403961051
/page-00581,demoapp.co,290,6,59,114,5,4,0,0,4.0182285890855844,0.4850287733654164
/page-00582,exampledomain.com,100,472,39,118,2,3,0,1,7.874852336040821,0.29999748885360017
/page-00583,demoapp.co,100,168,46,147,5,3,1,0,2.8444642488674097,0.1835583379350501
/page-00584,testsite.io,100,98,37,153,4,6,0,1,4.824261764519061,0.7229856124557422
/page-00585,exampledomain.com,203,57,59,179,3,6,0,0,7.259448099271403,0.31129634655093347
/page-00586,exampledomain.com,141,3,50,153,3,3,0,0,12.39043994509677,0.3618917696788791
/page-00587,testsite.io,100,36,42,125,3,2,0,0,11.10939014945734,0.2700278682728052
/page-00588,exampledomain.com,105,392,52,116,7,3,0,0,9.917945892312812,0.1817742275886289
/page-00589,exampledomain.com,447,148,58,160,3,1,0,0,6.542085442334253,0.057862054910927906
/page-00590,demoapp.co,100,36,63,210,7,2,0,1,9.328783872577553,0.36199461759578827
/page-00591,demoapp.co,100,377,59,169,4,3,0,1,5.174641548121759,0.24658191761459142
/page-00592,testsite.io,100,131,64,112,6,1,0,1,14.456302193284163,0.24154316385630598
/page-00593,demoapp.co,100,8,49,217,3,3,1,0,1.050440655585395,0.2265819338676909
/page-00594,testsite.io,100,484,35,84,4,4,0,0,8.774752672641394,0.2622133326563166
/page-00595,exampledomain.com,358,146,41,175,6,4,1,0,13.015916485322045,0.2386648366223642
/page-00596,demoapp.co,100,45,63,97,3,6,0,2,5.769862532074686,0.2971027572024001
/page-00597,demoapp.co,141,77,50,62,5,5,0,0,7.072769480267487,0.38363095019486165
/page-00598,exampledomain.com,100,106,70,87,3,0,0,0,6.548657237738251,0.385780416625439
/page-00599,exampledomain.com,100,266,38,121,6,0,0,0,6.772932659770351,0.027118412062701148
/page-00600,demoapp.co,100,169,47,158,4,4,0,0,1.0,0.2175989746687086
/page-00601,testsite.io,156,27,35,134,4,2,0,0,11.19387883310004,0.01523848085969462
/page-00602,exampledomain.com,100,103,51,160,3,7,0,2,6.3298855150741185,0.17658792159292275
/page-00603,testsite.io,176,158,48,78,2,5,0,2,7.075246169844245,0.1215732721769662
/page-00604,exampledomain.com,130,303,57,147,9,5,1,0,6.745764411246889,0.22290066225369154
/page-00605,exampledomain.com,145,18,55,164,5,2,0,0,13.48913705848895,0.5394550695273336
/page-00606,exampledomain.com,457,16,48,86,11,3,0,0,18.156547312492737,0.35586545429802635
/page-00607,exampledomain.com,110,90,44,141,2,2,0,0,10.641443140830848,0.1544562502036367
/page-00608,testsite.io,100,72,52,162,4,2,0,0,13.327416948068624,0.19106465756963334
/page-00609,exampledomain.com,300,101,60,157,5,2,0,0,3.085844796971174,0.16926963772442877
/page-00610,testsite.io,100,45,43,164,5,2,0,1,4.204522893087016,0.11677974860400427
/page-00611,testsite.io,100,78,68,124,4,5,0,0,1.0,0.18955544383739265
/page-00612,testsite.io,100,83,43,139,6,3,1,1,7.136848389229749,0.11029672651466482
/page-00613,demoapp.co,100,19,57,123,4,3,0,0,8.061220834457828,0.19443124552885707
/page-00614,testsite.io,124,118,69,119,3,6,0,0,3.677627745800219,0.3358700943541158
/page-00615,testsite.io,100,32,64,145,2,0,0,0,9.228847479981008,0.27419631227001656
/page-00616,demoapp.co,100,371,63,82,5,6,0,2,6.112619472404978,0.333358770963284
/page-00617,exampledomain.com,149,47,46,170,1,2,1,0,8.47533774590988,0.3285623280054067
/page-00618,demoapp.co,100,114,68,99,3,6,0,1,4.749134159691913,0.21925856369435323
/page-00619,testsite.io,815,118,47,93,3,3,0,1,8.672954032891388,0.27484916522597874
/page-00620,demoapp.co,120,0,40,156,6,1,0,0,9.376952887272655,0.5264777089965462
/page-00621,testsite.io,183,125,58,122,8,6,0,0,8.747181023432612,0.43583654378915937
/page-00622,demoapp.co,100,235,43,169,5,2,0,0,11.194402888978933,0.29955634570824946
/page-00623,demoapp.co,100,182,39,113,4,4,0,0,16.508563230534893,0.21054383343469393
/page-00624,testsite.io,100,731,38,132,6,1,0,0,11.611988952297446,0.06287148400554396
/page-00625,testsite.io,111,108,61,119,6,5,0,0,4.59507130919579,0.4496828368518008
/page-00626,exampledomain.com,100,301,68,177,6,2,0,0,16.318436778812476,0.11199461329350999
/page-00627,testsite.io,721,48,54,67,4,1,0,0,9.317757937026887,0.5586499820459367
/page-00628,testsite.io,100,94,31,122,9,4,1,0,3.8180665706461667,0.24001593177483438
/page-00629,demoapp.co,100,257,54,131,3,3,0,1,11.424818571429132,0.1467353779583698
/page-00630,demoapp.co,100,119,50,114,6,3,1,0,10.31105824234777,0.4229847321115037
/page-00631,exampledomain.com,100,13,56,97,1,2,0,1,7.904756624019426,0.597539840289231
/page-00632,testsite.io,279,701,21,169,5,3,0,0,9.17564593314357,0.14797871181985942
/page-00633,testsite.io,128,109,50,136,6,7,0,0,8.303762032924679,0.23391213299586588
/page-00634,testsite.io,100,200,57,112,5,4,0,0,1.0,0.15828357686845407
/page-00635,exampledomain.com,111,376,53,177,8,3,1,0,8.302845730907162,0.2223471737809846
/page-00636,exampledomain.com,100,129,57,148,1,3,0,0,6.782405561530834,0.30117590402899824
/page-00637,exampledomain.com,100,779,43,155,9,1,0,0,1.0,0.18334237193807043
/page-00638,demoapp.co,100,196,38,82,6,5,0,0,9.411880853086547,0.619280244533614
/page-00639,demoapp.co,145,90,67,177,2,2,0,1,11.210621631886962,0.3513566308670935
/page-00640,testsite.io,100,336,72,81,3,2,0,1,7.890198655317852,0.11188653315196986
/page-00641,exampledomain.com,100,107,39,136,5,3,0,0,9.660044433731438,0.06876712478749021
/page-00642,exampledomain.com,134,145,26,165,7,6,1,0,5.522524952596462,0.625502874412555
/page-00643,exampledomain.com,100,21,67,170,8,4,0,1,4.575959863841402,0.3787023596988043
/page-00644,testsite.io,179,92,48,197,4,2,1,0,5.2438413819811505,0.4065391104751235
/page-00645,testsite.io,374,159,74,86,5,4,1,0,11.131684159494387,0.45281821854907545
/page-00646,demoapp.co,100,52,49,164,4,1,0,0,7.316948101797888,0.24394224974636947
/page-00647,exampledomain.com,175,2,51,122,4,3,0,0,12.046082806348231,0.44760371835234614
/page-00648,demoapp.co,100,247,59,135,9,3,0,0,18.21115641090168,0.126595975290184
/page-00649,demoapp.co,100,73,64,115,5,1,0,0,12.236664762781079,0.4430031514142458
/page-00650,exampledomain.com,192,107,42,153,4,7,1,0,2.415191964495908,0.10453198632278615
/page-00651,testsite.io,100,39,77,116,2,6,0,0,18.75558112782756,0.19708987131224923
/page-00652,exampledomain.com,100,25,79,110,6,3,1,0,10.767211330187362,0.46970684037923766
/page-00653,testsite.io,100,53,60,160,4,1,0,0,19.160044438244334,0.43816909683980526
/page-00654,testsite.io,1316,213,58,159,4,2,0,1,1.0,0.3768759424849843
/page-00655,demoapp.co,100,291,58,160,3,0,0,0,7.350982589811662,0.18949479595405017
/page-00656,exampledomain.com,100,2,36,98,2,5,0,0,1.0,0.3992579039076294
/page-00657,demoapp.co,281,199,35,122,4,6,0,0,8.512009961530508,0.28009284369368453
/page-00658,exampledomain.com,100,472,52,83,5,1,0,0,10.264148498331592,0.2706578866690135
/page-00659,demoapp.co,615,99,43,158,4,6,0,0,11.209634227384058,0.5034360137647407
/page-00660,demoapp.co,339,38,53,174,9,4,0,1,2.575830120770764,0.11723195160934818
/page-00661,demoapp.co,100,52,30,95,6,2,0,1,14.166546898540815,0.1953395101904474
/page-00662,demoapp.co,279,359,60,139,4,6,0,2,12.078670375437234,0.2805657211570559
/page-00663,demoapp.co,356,83,65,140,5,5,0,0,9.955322713369803,0.0233964518422072
/page-00664,exampledomain.com,100,250,38,148,8,1,1,0,5.163778419963579,0.36445999729221334
/page-00665,testsite.io,117,150,56,187,5,3,1,0,10.800288569642863,0.04454412120274961
/page-00666,testsite.io,142,243,59,96,4,3,0,0,6.620825121750004,0.23270218750044913
/page-00667,demoapp.co,100,113,56,171,3,1,0,0,8.233379371764206,0.15744703798565896
/page-00668,testsite.io,483,31,55,159,3,2,0,0,6.71282285101056,0.3218700022450404
/page-00669,demoapp.co,122,247,54,95,5,3,0,0,1.0,0.5003536790573138
/page-00670,demoapp.co,100,1006,26,76,3,3,0,1,4.292047829283787,0.3175763683830421
/page-00671,exampledomain.com,100,4,51,100,2,1,0,0,5.966818261650211,0.12994329723322878
/page-00672,exampledomain.com,100,74,38,116,4,2,1,0,14.511145498750437,0.2804202997331986
/page-00673,demoapp.co,100,77,64,147,5,5,0,0,9.470407747538843,0.35236729576019643
/page-00674,exampledomain.com,100,465,55,88,4,4,0,1,11.905588292975672,0.4482069071194245
/page-00675,testsite.io,100,156,77,142,6,3,0,0,7.953229791497318,0.04148997833541666
/page-00676,exampledomain.com,392,156,37,139,5,4,0,0,7.056873674657531,0.5105344871975427
/page-00677,testsite.io,118,153,57,149,6,2,1,0,14.006110828440493,0.10128761940605888
/page-00678,testsite.io,100,59,45,160,4,2,1,0,16.01984720068065,0.3589070821536056
/page-00679,exampledomain.com,100,30,56,149,5,5,0,0,5.8838220831890435,0.09759617339687285
/page-00680,demoapp.co,100,201,48,123,9,1,0,1,4.582992331031324,0.2813319928345402
/page-00681,testsite.io,255,556,71,116,5,4,0,0,6.388220487195136,0.5170861932456808
/page-00682,demoapp.co,118,368,45,139,4,5,0,0,3.8712519880902896,0.24975530918704592
/page-00683,demoapp.co,100,68,53,133,5,4,0,0,9.472084844355804,0.2727589978139644
/page-00684,testsite.io,123,18,70,102,5,2,1,0,4.768021083679487,0.30311771940633814
/page-00685,testsite.io,123,37,53,133,3,4,0,0,1.0,0.05159753962292176
/page-00686,exampledomain.com,250,262,55,149,12,3,0,0,1.0,0.17471104923551273
/page-00687,testsite.io,100,96,41,138,4,7,0,0,8.642612428721412,0.8510067892130465
/page-00688,demoapp.co,100,145,58,187,3,2,0,1,10.28455742383456,0.2502019450383385
/page-00689,testsite.io,226,234,55,150,2,3,0,1,3.94013815157596,0.12864896556103647
/page-00690,demoapp.co,182,12,57,186,3,1,0,0,10.471512374803133,0.37270182755175074
/page-00691,testsite.io,100,6,56,102,3,4,0,0,1.918743244233366,0.41262460860529193
/page-00692,exampledomain.com,100,159,60,130,8,7,0,1,1.0,0.4010915935045721
/page-00693,exampledomain.com,100,234,42,157,9,4,0,2,5.349181825523694,0.2344519251752465
/page-00694,demoapp.co,100,344,63,140,3,2,0,0,1.0,0.2515066889912738
/page-00695,testsite.io,100,497,45,30,5,1,0,0,1.2887793719047007,0.2847914232397499
/page-00696,testsite.io,399,153,75,128,2,5,0,0,12.84705949202537,0.08009935429180205
/page-00697,exampledomain.com,100,35,72,95,4,4,1,0,2.7027307422227516,0.2754470663723612
/page-00698,exampledomain.com,196,33,52,155,7,1,1,0,12.5171424441395,0.27318588987259695
/page-00699,demoapp.co,177,71,54,204,3,4,0,1,12.14508106339816,0.3635591902461246
/page-00700,demoapp.co,109,128,53,118,2,3,1,0,13.276952640179957,0.34136427612630305
/page-00701,testsite.io,100,291,38,151,6,2,0,0,5.786625035174659,0.0413237932256669
/page-00702,exampledomain.com,100,129,46,112,8,4,0,0,8.651978210739774,0.3309068010630936
/page-00703,exampledomain.com,100,127,48,144,7,3,0,0,8.316365769616668,0.43510279415405806
/page-00704,testsite.io,100,259,60,157,2,4,0,0,7.298300042771256,0.04120474230314401
/page-00705,testsite.io,353,782,35,99,7,1,0,1,7.376065510605027,0.3719895164298103
/page-00706,demoapp.co,100,98,45,69,4,3,0,1,2.345984382271495,0.411102861076818
/page-00707,exampledomain.com,100,32,56,210,2,4,0,2,2.9774949982117747,0.6402372749363463
/page-00708,demoapp.co,117,101,38,138,3,2,0,0,8.416449586600521,0.11755465125177715
/page-00709,testsite.io,100,286,41,119,3,3,0,1,10.726947344125936,0.43299812551226846
/page-00710,testsite.io,105,134,59,73,1,4,0,0,7.714067672566592,0.15603153492425
/page-00711,exampledomain.com,100,155,56,102,6,2,0,0,11.121975719878813,0.8282138269777128
/page-00712,demoapp.co,100,259,37,129,5,4,0,0,1.0,0.018879021881120943
/page-00713,testsite.io,138,123,76,105,3,2,0,1,5.646744373159835,0.12081374720018617
/page-00714,testsite.io,100,91,58,146,5,5,0,1,3.7853862782188514,0.08131720779862461
/page-00715,exampledomain.com,100,401,53,78,4,1,0,1,13.091158138024614,0.3921804454484077
/page-00716,demoapp.co,100,44,60,183,8,3,0,0,5.154839590953609,0.4847574246246299
/page-00717,testsite.io,100,253,24,129,5,3,0,0,8.646906352646539,0.24393567721265236
/page-00718,demoapp.co,844,217,58,139,12,2,1,0,8.498950179714274,0.1911850301787202
/page-00719,demoapp.co,125,34,56,193,4,3,0,1,7.571466959673921,0.5132043364389326
/page-00720,exampledomain.com,100,12,35,135,8,2,0,0,3.7803870211874466,0.2713268149533982
/page-00721,testsite.io,175,58,64,163,4,4,1,0,13.32297579953993,0.34603270488328214
/page-00722,demoapp.co,253,308,58,112,5,4,1,1,7.935064314680057,0.132904909000967
/page-00723,testsite.io,141,28,48,75,3,1,0,3,5.346357979613608,0.6068789534243143
/page-00724,testsite.io,100,379,60,132,1,3,0,1,8.653533977158657,0.16399450741250735
/page-00725,exampledomain.com,103,430,31,151,3,5,0,0,12.691742797326626,0.10685082133311524
/page-00726,testsite.io,101,141,51,164,5,2,0,0,8.188206841372565,0.5577668734886609
/page-00727,exampledomain.com,364,258,61,124,1,1,0,0,6.856090499467027,0.09464249973152683
/page-00728,testsite.io,100,21,55,79,5,3,0,0,5.30999495536693,0.19056841271681388
/page-00729,demoapp.co,402,21,46,111,3,5,0,0,3.928855120169887,0.1709970116206505
/page-00730,demoapp.co,169,402,42,62,7,5,0,1,20.562372571737896,0.23618929238111358
/page-00731,exampledomain.com,100,147,59,142,2,2,0,0,15.943970604430909,0.36311700600841806
/page-00732,demoapp.co,100,223,56,162,2,3,0,0,8.880098975527778,0.5262727473485022
/page-00733,testsite.io,377,61,50,199,6,0,0,0,8.21208118218084,0.3015880257071179
/page-00734,demoapp.co,136,22,84,101,7,4,0,0,8.621135091218845,0.5365915151237591
/page-00735,demoapp.co,100,135,68,90,5,0,0,0,6.940253907166928,0.20896226227615677
/page-00736,demoapp.co,100,155,45,100,6,2,0,2,1.0,0.2281233680330761
/page-00737,exampledomain.com,120,145,62,120,7,0,1,1,16.7205232780464,0.30904183833519333
/page-00738,testsite.io,100,35,18,220,5,2,0,0,6.428056291063682,0.17519183307675512
/page-00739,testsite.io,100,93,45,66,3,3,0,1,15.902945608083556,0.2824367990001544
/page-00740,exampledomain.com,114,187,33,79,1,2,0,1,7.989152442798388,0.49252989880763315
/page-00741,testsite.io,135,24,52,143,11,3,0,0,1.0,0.07062455184463622
/page-00742,demoapp.co,100,138,44,195,5,0,0,1,7.496697165629152,0.20558090649451055
/page-00743,demoapp.co,100,203,65,148,5,5,0,0,1.0,0.29934711746000475
/page-00744,testsite.io,217,210,35,104,4,0,0,0,7.681934705233377,0.1928427500585753
/page-00745,testsite.io,100,567,52,90,6,5,0,1,6.311658932801337,0.12568426483324668
/page-00746,exampledomain.com,100,70,71,116,5,1,0,0,7.19085290827153,0.13441804002144211
/page-00747,testsite.io,380,59,52,178,1,5,0,0,3.4731899099311603,0.624885617253556
/page-00748,exampledomain.com,100,219,69,129,3,3,0,0,2.7685251945773475,0.1813240575254383
/page-00749,demoapp.co,198,403,40,193,2,7,0,0,16.5311148282155,0.4243752509282563
/page-00750,exampledomain.com,100,3,71,160,6,2,0,0,4.361702744274149,0.2909142526842206
/page-00751,testsite.io,100,34,50,155,5,0,0,0,8.134257273227254,0.5699339764116621
/page-00752,testsite.io,192,331,45,160,3,4,0,1,5.682465001760676,0.5708246048068235
/page-00753,testsite.io,154,39,49,129,4,0,0,1,3.675304172501763,0.5518261033125672
/page-00754,testsite.io,164,417,68,157,4,3,0,1,8.9578983245474,0.27838043247199257
/page-00755,exampledomain.com,132,22,81,137,6,0,0,0,19.066967390019776,0.17427867088170354
/page-00756,demoapp.co,139,78,46,177,7,6,0,1,2.4788899961722386,0.13057522661774582
/page-00757,exampledomain.com,404,77,51,76,7,4,0,1,7.152345040866187,0.18437953744397467
/page-00758,exampledomain.com,100,0,42,106,6,2,0,1,7.605628306763958,0.32123136251425444
/page-00759,exampledomain.com,100,141,43,126,5,6,0,0,5.3297848957882765,0.22252137465008506
/page-00760,exampledomain.com,100,19,46,173,4,5,0,0,7.111167250938667,0.06990811748716806
/page-00761,demoapp.co,100,42,62,170,4,1,0,1,3.3932213673924645,0.6001968578743047
/page-00762,demoapp.co,406,283,32,84,5,1,1,0,6.87871801177902,0.1333428727836378
/page-00763,exampledomain.com,244,437,53,107,7,4,0,0,1.0,0.490094225036245
/page-00764,exampledomain.com,100,601,64,148,4,4,0,1,14.480527857985106,0.45289996727256765
/page-00765,testsite.io,100,192,73,230,6,3,0,0,13.122147696880639,0.13757395444449794
/page-00766,exampledomain.com,100,1386,52,168,5,2,0,0,9.134670103110189,0.32736126862256154
/page-00767,demoapp.co,100,139,50,92,7,0,0,1,7.99655024247834,0.23496776611399725
/page-00768,testsite.io,492,433,44,206,5,4,1,0,12.043486937723198,0.1626070790142291
/page-00769,exampledomain.com,307,29,44,100,6,2,0,0,4.391791270478651,0.5010900167891906
/page-00770,demoapp.co,185,278,58,153,5,5,0,0,13.950520842867684,0.16633511279303545
/page-00771,exampledomain.com,106,130,54,74,6,3,0,1,14.912844188720356,0.4636285369461682
/page-00772,exampledomain.com,100,165,57,133,6,1,0,0,5.188647206895633,0.20479025935534878
/page-00773,demoapp.co,100,159,61,138,5,3,0,0,11.546483291485808,0.15716896979023487
/page-00774,demoapp.co,100,375,48,210,3,5,0,0,11.430298162683965,0.4336769274372913
/page-00775,testsite.io,130,82,43,204,5,2,0,2,11.102580307263217,0.49813138406249563
/page-00776,demoapp.co,100,175,53,178,10,0,1,0,7.722652080384371,0.31803849151054125
/page-00777,exampledomain.com,100,144,53,145,2,2,0,0,1.0,0.2795619650887132
/page-00778,testsite.io,100,12,55,216,3,2,0,0,1.0,0.3040690374919916
/page-00779,demoapp.co,100,429,45,132,6,1,0,0,13.245475844947764,0.37923471953487736
/page-00780,demoapp.co,180,2,54,145,5,0,0,0,1.0,0.06784758658992025
/page-00781,demoapp.co,110,355,54,147,2,4,1,0,4.671667548159607,0.08387344227447617
/page-00782,demoapp.co,100,163,59,148,2,2,1,0,1.0,0.12448970379954755
/page-00783,exampledomain.com,102,125,48,184,3,4,1,0,1.0,0.4204849856595095
/page-00784,exampledomain.com,100,9,25,144,4,2,1,0,11.731948202175909,0.0975379457480438
/page-00785,testsite.io,100,47,62,60,5,1,0,0,8.848089326752543,0.552153696547663
/page-00786,demoapp.co,899,1,57,89,3,0,1,0,6.380827503556752,0.09519679710439634
/page-00787,demoapp.co,100,52,54,150,4,3,0,1,2.4394180481955114,0.5582580098063185
/page-00788,demoapp.co,158,353,41,127,8,5,0,1,13.03028383124009,0.6258418087283985
/page-00789,exampledomain.com,100,507,28,141,5,1,0,0,9.52985772839279,0.499858647952101
/page-00790,exampledomain.com,100,531,58,30,3,5,0,1,2.4776017426873818,0.3042126765958978
/page-00791,demoapp.co,469,188,33,129,3,1,0,0,14.614478917413791,0.43040872179690215
/page-00792,demoapp.co,100,29,58,90,6,5,0,1,11.797121522463609,0.49088969240356023
/page-00793,testsite.io,470,58,60,65,4,2,0,1,9.449638866218972,0.5567421641070471
/page-00794,testsite.io,100,251,37,161,2,7,0,0,15.668482449729712,0.288749041518038
/page-00795,demoapp.co,207,629,36,107,7,4,0,0,1.0,0.33777888860274163
/page-00796,demoapp.co,100,9,46,163,2,5,0,1,6.47376290810845,0.5686453532655513
/page-00797,demoapp.co,100,227,41,158,9,5,0,0,2.6268623425152384,0.2117151901778623
/page-00798,exampledomain.com,100,21,70,188,1,2,0,1,4.479923858690927,0.31129506955739156
/page-00799,demoapp.co,100,102,70,161,5,8,0,0,1.0,0.059074390209901996
/page-00800,exampledomain.com,100,231,59,178,3,1,0,0,13.084780830867302,0.30466623706072826
/page-00801,testsite.io,100,320,62,134,4,1,0,1,13.092643879417523,0.2666937498478895
/page-00802,exampledomain.com,100,111,35,179,7,0,0,0,11.683922638758943,0.3319562867059627
/page-00803,exampledomain.com,100,199,52,164,9,2,0,0,16.241720518262063,0.3966580099473452
/page-00804,testsite.io,553,124,26,101,8,2,0,0,4.459944508168129,0.20718082837160767
/page-00805,testsite.io,222,21,58,130,2,2,0,1,4.404162375574005,0.20185910493718565
/page-00806,testsite.io,403,80,54,175,3,0,0,0,1.0,0.24056982136507848
/page-00807,testsite.io,194,157,49,176,5,2,0,0,10.576509850345118,0.17839744553020911
/page-00808,demoapp.co,100,138,44,185,5,5,0,0,4.541638271626055,0.3045803854445555
/page-00809,exampledomain.com,150,74,55,132,5,1,1,0,8.97348551209121,0.3188651083101134
/page-00810,testsite.io,100,25,62,139,5,4,0,0,7.517315749082316,0.2682665595736077
/page-00811,exampledomain.com,493,199,47,134,5,3,1,0,6.450110900093035,0.19172672331033178
/page-00812,exampledomain.com,185,210,48,178,3,2,0,0,7.584777290475941,0.15478309778690447
/page-00813,exampledomain.com,100,13,50,147,5,3,0,0,8.992050805584084,0.1678012924535123
/page-00814,exampledomain.com,100,460,59,84,5,0,0,0,14.246746166813939,0.13205932207110835
/page-00815,exampledomain.com,100,3,43,111,4,3,1,2,5.732342041337704,0.1794301659302756
/page-00816,testsite.io,100,28,31,146,4,4,0,0,13.825144050809781,0.3574465535616825
/page-00817,demoapp.co,109,108,81,124,3,6,0,1,5.212108971754747,0.2727008733399749
/page-00818,testsite.io,100,126,58,187,4,3,0,0,12.811646223951064,0.06592271577191673
/page-00819,testsite.io,100,86,70,131,3,2,0,1,4.148554150238155,0.1528737320769671
/page-00820,testsite.io,143,10,48,56,2,6,0,0,12.170403397063328,0.17209648349805892
/page-00821,exampledomain.com,100,301,41,85,2,3,0,1,5.428278562223984,0.40630878692943695
/page-00822,demoapp.co,150,18,43,61,4,5,0,0,6.83143480042738,0.25334568823116754
/page-00823,demoapp.co,100,133,53,113,6,3,0,0,5.4896416421130585,0.46921756036725387
/page-00824,exampledomain.com,100,63,54,144,4,4,0,0,20.138379600528424,0.2603006944306136
/page-00825,demoapp.co,100,34,50,82,6,5,0,0,11.38612801098156,0.5130654145949504
/page-00826,exampledomain.com,132,34,58,79,6,2,0,0,5.856115136883593,0.1678352841735469
/page-00827,exampledomain.com,100,532,52,187,4,2,0,0,14.637695853952525,0.40167328778695366
/page-00828,exampledomain.com,100,122,67,191,4,3,0,0,19.952086707154294,0.48364598938420256
/page-00829,exampledomain.com,100,39,37,115,5,2,0,0,10.36977519847356,0.38454440621987807
/page-00830,exampledomain.com,100,102,50,115,3,3,0,0,11.841802340313466,0.130610992560234
/page-00831,demoapp.co,100,76,52,72,6,1,0,0,7.549047868330306,0.30380468344814593
/page-00832,exampledomain.com,130,231,61,82,5,1,0,1,10.756803115729173,0.40809659749447696
/page-00833,testsite.io,180,58,53,105,7,2,0,0,5.03902004767372,0.12685690742154054
/page-00834,exampledomain.com,100,358,42,127,3,3,0,0,9.61369031626802,0.16861505546864455
/page-00835,demoapp.co,100,7,56,154,6,4,0,0,1.0,0.44431498063115227
/page-00836,testsite.io,262,170,53,151,6,2,0,0,10.06585607753491,0.3835810170443046
/page-00837,demoapp.co,100,363,75,78,7,1,0,0,8.594363316410996,0.2586731586712221
/page-00838,testsite.io,145,41,74,93,4,5,1,0,3.4564710892264587,0.1482170942728948
/page-00839,testsite.io,102,423,58,107,5,2,1,1,12.962543962340625,0.22314224478711317
/page-00840,demoapp.co,143,139,41,183,6,1,0,0,19.882092934806906,0.39268501406165074
/page-00841,testsite.io,100,371,37,133,5,3,0,0,5.8776643350441855,0.5369787372521877
/page-00842,demoapp.co,100,189,44,169,8,6,1,0,8.576264872453471,0.5501005931173265
/page-00843,testsite.io,151,73,45,162,8,3,0,1,6.835037373931654,0.2934133708444794
/page-00844,testsite.io,100,3,77,168,8,4,0,0,14.30673002555334,0.04150654051017438
/page-00845,exampledomain.com,100,166,72,156,4,4,0,1,15.223385700159646,0.5032348410029653
/page-00846,testsite.io,100,74,61,162,9,1,0,1,13.820776986303446,0.42753184514916986
/page-00847,testsite.io,100,238,50,113,3,4,0,0,17.25893798960294,0.57741390812148
/page-00848,exampledomain.com,100,35,55,68,5,9,0,1,5.461725202813371,0.3015025619353399
/page-00849,demoapp.co,253,83,51,138,1,5,0,0,10.43934543819937,0.1563644054068086
/page-00850,exampledomain.com,100,133,66,160,3,3,0,0,8.02018646346564,0.2943458261410886
/page-00851,exampledomain.com,100,90,60,185,8,2,0,0,12.218810736018646,0.18306233645013753
/page-00852,exampledomain.com,128,559,38,125,2,2,0,0,1.0,0.2588214938983113
/page-00853,exampledomain.com,100,8,60,165,3,1,1,1,3.506463909565187,0.28052839296004406
/page-00854,testsite.io,100,121,35,148,5,2,0,0,1.0,0.2315317907983716
/page-00855,demoapp.co,100,243,46,148,6,2,0,0,13.244797816411628,0.24551840023504234
/page-00856,exampledomain.com,100,196,51,76,5,4,0,1,11.236711677992458,0.44928278147468265
/page-00857,exampledomain.com,123,346,58,139,9,3,1,0,5.114273610497872,0.3499784799068431
/page-00858,testsite.io,115,17,48,158,1,2,0,0,10.69742339361763,0.18373051110132235
/page-00859,exampledomain.com,100,128,68,168,5,1,0,0,1.0,0.436330472027081
/page-00860,testsite.io,250,263,40,130,3,3,0,0,4.6124467903757775,0.38779023246226496
/page-00861,demoapp.co,196,324,44,146,5,2,0,0,4.143617562931192,0.061627055451567846
/page-00862,exampledomain.com,160,333,46,200,2,3,0,1,13.699065536180619,0.1896941027291376
/page-00863,demoapp.co,100,23,58,130,5,6,0,0,2.462995641264164,0.023860761339067567
/page-00864,testsite.io,116,191,59,124,7,4,0,0,12.033432268824757,0.19892507341863083
/page-00865,demoapp.co,222,183,32,141,7,0,0,0,11.726725344357664,0.5562249663753372
/page-00866,demoapp.co,100,23,46,199,2,1,0,0,14.33988397586204,0.32170605096042054
/page-00867,exampledomain.com,100,85,38,96,4,1,1,0,4.177598647831132,0.43213533280433825
/page-00868,exampledomain.com,133,27,46,144,5,4,0,0,8.115612047526213,0.21489058584809237
/page-00869,exampledomain.com,100,77,55,177,3,4,1,0,8.0583722860095,0.40494881312150177
/page-00870,testsite.io,100,1,34,151,5,6,0,0,5.9380651215969475,0.15827295565319485
/page-00871,exampledomain.com,100,438,47,105,3,1,0,0,15.244824338212153,0.1930880416383146
/page-00872,exampledomain.com,100,366,56,149,1,3,0,1,1.5654858126037317,0.5243521999637832
/page-00873,testsite.io,100,88,54,85,5,4,0,0,9.43052055530665,0.3906028322544149
/page-00874,demoapp.co,100,93,49,158,5,1,0,0,3.1610928171833548,0.2307499611535077
/page-00875,testsite.io,242,70,70,92,3,4,0,0,2.7527728434105807,0.42077234313819184
/page-00876,testsite.io,489,227,52,100,9,1,1,1,11.285051253419443,0.23712078066039738
/page-00877,exampledomain.com,100,132,67,82,4,4,0,0,1.0,0.5693075676603815
/page-00878,demoapp.co,100,84,39,110,7,1,0,1,9.443263659880884,0.16895372655943908
/page-00879,testsite.io,100,22,59,80,8,4,0,0,12.312962997533319,0.3877427713648217
/page-00880,demoapp.co,100,174,53,163,3,4,0,0,2.2760447644630073,0.5727438795427109
/page-00881,exampledomain.com,100,61,40,113,8,2,1,0,5.706422509119652,0.5380254030366505
/page-00882,demoapp.co,683,26,54,146,3,2,0,1,12.217061279802781,0.22631933301215007
/page-00883,testsite.io,100,3,42,131,6,1,0,0,17.113389628211614,0.26514149924047825
/page-00884,testsite.io,179,252,42,160,9,3,0,0,2.5755388333100786,0.29486993960778274
/page-00885,testsite.io,370,507,63,129,9,2,0,1,6.6743876473331785,0.4280402244751975
/page-00886,testsite.io,411,174,40,119,6,3,0,0,5.634777881033518,0.36036955728229886
/page-00887,testsite.io,110,98,59,130,4,3,0,0,2.840502910164032,0.13527957206152072
/page-00888,demoapp.co,100,228,33,151,3,2,0,0,12.177529373403303,0.272486265702122
/page-00889,demoapp.co,100,179,50,96,6,5,0,0,13.73981923767543,0.24235559823048686
/page-00890,demoapp.co,326,435,44,170,3,8,1,2,12.270612789237141,0.09844384810469245
/page-00891,testsite.io,100,156,57,176,3,5,0,0,8.361403346704526,0.25249830464351536
/page-00892,testsite.io,100,91,65,103,8,4,0,0,3.440498575563012,0.1514249269849025
/page-00893,testsite.io,104,116,33,171,2,3,0,0,10.685517525491928,0.2119900428614237
/page-00894,exampledomain.com,222,344,61,130,1,4,0,0,9.997815858348517,0.27982438456845116
/page-00895,demoapp.co,290,154,25,124,5,2,0,1,6.664559330386548,0.10760372635713415
/page-00896,testsite.io,704,278,43,112,1,6,0,0,10.307767124491413,0.5361868688107253
/page-00897,demoapp.co,100,199,48,140,3,3,0,0,9.42333580072791,0.01758698731251079
/page-00898,demoapp.co,100,241,63,110,6,7,0,0,4.8198043281953,0.340141982969921
/page-00899,testsite.io,414,65,45,155,7,3,0,0,7.909544723046214,0.22938614803468013
/page-00900,exampledomain.com,1245,208,56,65,3,5,0,0,3.137536645695281,0.4711594154443113
/page-00901,demoapp.co,100,206,33,133,3,1,0,0,2.8559185377988197,0.41931144881559795
/page-00902,exampledomain.com,100,277,40,140,7,3,0,0,18.8939310304568,0.16695838621655293
/page-00903,exampledomain.com,100,451,39,145,3,2,0,0,1.0,0.27247851191051276
/page-00904,demoapp.co,100,158,67,166,3,2,1,0,10.220401760201284,0.13059707997319953
/page-00905,exampledomain.com,104,5,36,87,7,0,0,0,8.77025809936306,0.4444477342805193
/page-00906,demoapp.co,100,248,64,184,6,2,0,0,7.064528339462806,0.344067811973363
/page-00907,demoapp.co,100,92,59,126,2,2,0,0,1.4982570974518499,0.34087601402419343
/page-00908,testsite.io,100,45,62,64,2,1,0,1,1.0,0.24285357561888488
/page-00909,demoapp.co,339,61,53,114,6,5,0,0,14.624129964547773,0.21862568625074266
/page-00910,demoapp.co,174,168,43,119,8,0,0,0,10.430766109970902,0.5244630619817429
/page-00911,demoapp.co,180,311,35,176,7,3,1,0,2.1126154828938226,0.6300312612014695
/page-00912,exampledomain.com,100,121,77,108,5,2,0,1,4.8218365022597895,0.5114440047601245
/page-00913,demoapp.co,100,534,61,182,4,1,0,0,6.584963458584551,0.025303260498087753
/page-00914,exampledomain.com,100,260,44,161,7,3,0,0,1.0,0.3716505250328198
/page-00915,exampledomain.com,100,149,60,84,4,5,0,0,6.624971584951634,0.2634162485322766
/page-00916,testsite.io,100,0,80,153,5,1,0,0,7.224603830092102,0.6728922132338185
/page-00917,testsite.io,770,292,49,225,1,2,0,0,10.479444343531839,0.306265080330568
/page-00918,testsite.io,314,58,59,137,3,1,0,0,1.0,0.14137708293174273
/page-00919,testsite.io,100,115,63,79,5,4,1,1,10.202223031080653,0.21125503043513358
/page-00920,demoapp.co,122,127,56,160,4,2,1,0,16.069977561349216,0.09037299754139197
/page-00921,testsite.io,208,36,48,109,4,2,0,0,9.894156657356277,0.17759633019985913
/page-00922,exampledomain.com,100,2,50,90,1,6,0,0,6.293513482821561,0.2311114160009379
/page-00923,exampledomain.com,100,175,20,137,5,3,0,0,9.662384377771733,0.09668784891963092
/page-00924,testsite.io,100,186,36,120,4,2,1,0,17.742153808512057,0.3096382743862195
/page-00925,testsite.io,100,172,61,147,4,1,0,0,12.46409502273791,0.18918503575647597
/page-00926,demoapp.co,249,37,51,158,4,3,0,0,1.1009682791916031,0.1961869100201139
/page-00927,exampledomain.com,100,350,43,117,3,5,0,1,9.024340298125807,0.4850976514754529
/page-00928,testsite.io,100,296,64,116,4,1,0,0,20.006314533706103,0.3292920728744482
/page-00929,exampledomain.com,100,267,57,150,6,2,0,1,13.119298376808564,0.507213343105676
/page-00930,demoapp.co,106,323,34,130,6,1,0,0,11.138093409441675,0.334190430029025
/page-00931,demoapp.co,112,160,66,77,9,4,0,0,7.022548205404757,0.2719417742430305
/page-00932,exampledomain.com,100,320,39,164,4,2,0,0,18.488165310193708,0.21144031413073264
/page-00933,exampledomain.com,118,21,62,146,6,5,0,1,15.050406517233494,0.628783073662718
/page-00934,exampledomain.com,202,144,30,53,6,2,0,0,6.962283452970482,0.2918961969157244
/page-00935,demoapp.co,130,5,27,187,4,1,0,0,5.387451722922737,0.20864620888938687
/page-00936,testsite.io,198,37,62,125,2,4,1,0,16.85147097289954,0.05347063231867557
/page-00937,testsite.io,227,234,48,107,4,3,0,1,9.12470040501526,0.449463658391997
/page-00938,exampledomain.com,100,388,62,149,1,3,0,0,1.0,0.3361660524920062
/page-00939,testsite.io,100,194,60,203,8,1,0,0,4.832214424118873,0.38403686522749997
/page-00940,exampledomain.com,151,422,52,126,4,0,0,0,1.0,0.5403571552347924
/page-00941,demoapp.co,129,493,69,196,11,1,0,0,2.0668750216959113,0.1965304644470633
/page-00942,exampledomain.com,100,4,42,117,3,6,0,0,15.856111238526587,0.5472050928810083
/page-00943,testsite.io,115,224,56,84,4,1,0,1,1.0,0.39832038633115263
/page-00944,testsite.io,100,168,48,142,4,1,1,0,8.238052154215628,0.15626348650481336
/page-00945,demoapp.co,132,52,68,134,6,1,0,0,7.055944602459212,0.2799826868006379
/page-00946,demoapp.co,155,304,52,117,2,7,0,0,14.415631734258831,0.12691052566880043
/page-00947,testsite.io,375,172,44,114,2,6,0,2,9.572539345720392,0.28309370162382974
/page-00948,demoapp.co,100,64,28,167,5,3,0,0,7.872110229829316,0.6694348646063335
/page-00949,testsite.io,127,202,42,133,5,3,0,0,11.670315930785598,0.09961561622122284
/page-00950,testsite.io,133,251,48,123,3,4,0,0,11.293961059299502,0.38188799237236576
/page-00951,demoapp.co,100,239,44,133,3,3,0,0,5.269203908187292,0.2664301309516812
/page-00952,testsite.io,152,302,45,132,1,0,0,0,6.736497970293824,0.28456406174632554
/page-00953,demoapp.co,557,4,56,215,8,3,0,0,11.468399013162312,0.21625539649449196
/page-00954,exampledomain.com,100,33,57,97,5,1,0,0,3.672496695692427,0.11655764774173571
/page-00955,testsite.io,100,179,42,145,8,1,1,0,9.347748229370017,0.4336035924562226
/page-00956,testsite.io,100,104,40,160,4,2,0,1,15.558852256075085,0.4647179498187119
/page-00957,demoapp.co,114,781,46,157,2,3,0,1,10.061853316638551,0.32441032161177835
/page-00958,testsite.io,100,70,57,175,8,10,1,0,3.6929833286863047,0.42530185161983863
/page-00959,demoapp.co,124,131,53,179,5,6,0,0,9.642395242729702,0.47725232469026985
/page-00960,testsite.io,100,178,56,149,5,1,0,0,3.105333777755564,0.08829020054037202
/page-00961,exampledomain.com,103,346,76,143,2,2,0,0,12.12276718612423,0.23851503663167797
/page-00962,exampledomain.com,267,79,60,147,7,1,0,0,9.111806994611154,0.0658718992201016
/page-00963,exampledomain.com,115,105,64,186,7,3,0,1,9.230026723229901,0.29999184793376654
/page-00964,demoapp.co,382,76,55,79,4,5,0,0,9.042300254288653,0.40774473729755534
/page-00965,demoapp.co,119,264,46,100,7,0,0,0,13.731661061890685,0.04916015020760109
/page-00966,testsite.io,100,184,40,75,3,2,0,0,5.670659601767155,0.25338119706896567
/page-00967,demoapp.co,100,150,50,141,5,0,0,0,2.0409180390017703,0.02935964235269475
/page-00968,demoapp.co,100,317,67,167,7,2,0,1,14.117155083438961,0.2159460390541376
/page-00969,demoapp.co,100,51,53,156,6,4,0,0,6.050929235022543,0.32731603920610985
/page-00970,testsite.io,189,214,57,128,2,4,0,0,10.410399548832288,0.5004982820720736
/page-00971,exampledomain.com,141,21,80,177,1,4,0,1,7.064805110788936,0.2966884088720804
/page-00972,testsite.io,279,131,38,84,4,2,0,0,5.764474879794802,0.07725753964844308
/page-00973,testsite.io,100,19,37,168,2,6,0,0,11.14297976387132,0.286413194994759
/page-00974,exampledomain.com,100,31,66,93,7,5,1,0,17.24167980184896,0.5390640005060173
/page-00975,exampledomain.com,100,119,73,102,2,5,0,2,7.949705312195335,0.22303884504294644
/page-00976,exampledomain.com,199,224,44,169,8,2,0,0,7.583036581023401,0.2911394239626186
/page-00977,testsite.io,100,160,34,126,10,1,0,0,10.015979233463542,0.3223772907864415
/page-00978,demoapp.co,100,144,53,177,5,3,0,0,10.27933115061198,0.08091404913889058
/page-00979,testsite.io,119,364,65,141,5,0,0,0,5.5297253866536,0.1554351670632649
/page-00980,demoapp.co,156,105,50,143,3,2,0,0,6.771114545982597,0.311722756972843
/page-00981,testsite.io,100,41,57,151,1,2,0,0,5.592480646888606,0.17423121504540964
/page-00982,testsite.io,100,33,46,43,4,1,0,0,8.363134319391246,0.3147029918997363
/page-00983,exampledomain.com,133,182,50,191,8,2,0,2,9.365356489235015,0.3265352340646518
/page-00984,demoapp.co,156,72,50,174,4,2,0,0,1.3683198805367898,0.4228733048268745
/page-00985,exampledomain.com,100,304,58,131,7,4,0,0,5.992770520969141,0.24961473803873616
/page-00986,demoapp.co,100,425,59,182,3,3,0,0,16.344919464573884,0.11908252249547309
/page-00987,exampledomain.com,100,393,51,128,4,0,0,0,13.655721828534377,0.22211667157263099
/page-00988,demoapp.co,100,84,49,134,1,5,0,0,12.063443436298215,0.08099252101662596
/page-00989,testsite.io,100,106,54,123,4,3,0,0,11.437306704400434,0.2296963967658746
/page-00990,demoapp.co,146,98,48,155,2,3,0,0,11.270785666221327,0.2686267297354996
/page-00991,exampledomain.com,100,368,59,68,5,3,1,0,11.108222319543827,0.5814143507942667
/page-00992,exampledomain.com,100,346,49,123,3,3,0,0,11.753761116198735,0.08119437000027427
/page-00993,exampledomain.com,185,94,48,82,4,1,0,0,8.69717504522606,0.2828108433894847
/page-00994,demoapp.co,163,246,48,191,9,2,0,0,1.0,0.38694407831985367
/page-00995,testsite.io,100,127,69,119,8,0,1,2,13.933995245705024,0.48450466661685754
/page-00996,demoapp.co,178,11,49,50,2,1,0,0,12.96077933203685,0.24016438961261183
/page-00997,testsite.io,100,139,54,105,7,1,0,0,9.454405231265175,0.3247081013789496
/page-00998,testsite.io,100,303,32,155,4,4,0,1,6.072233793852728,0.3998116762752349
/page-00999,demoapp.co,157,281,67,64,4,3,1,0,3.603752798011687,0.09482693149362216
/page-01000,exampledomain.com,100,44,38,124,2,2,0,0,10.007786899362966,0.1141490390732482
/page-01001,testsite.io,116,101,44,117,2,3,1,1,5.929584814328623,0.30462530379738856
/page-01002,exampledomain.com,167,123,44,121,4,0,0,1,9.524907196548448,0.22519002010023131
/page-01003,testsite.io,216,20,24,134,5,1,0,0,5.1378525022300465,0.433806189616191
/page-01004,demoapp.co,100,22,36,146,8,3,0,0,7.947684363336397,0.32062602462254475
/page-01005,exampledomain.com,187,787,41,106,6,1,1,0,14.697689891913107,0.20862301362102892
/page-01006,exampledomain.com,100,340,54,98,4,2,0,0,9.957828645936248,0.38826598686719455
/page-01007,demoapp.co,174,280,52,164,2,6,0,0,12.544587336297111,0.21137945066293515
/page-01008,demoapp.co,115,3,62,165,2,3,0,0,12.4512803087107,0.16422331271878274
/page-01009,exampledomain.com,100,1071,46,149,5,1,0,0,18.02420541722717,0.1356887630664149
/page-01010,demoapp.co,343,66,32,164,7,2,0,0,1.988823264454079,0.24428402717137776
/page-01011,demoapp.co,190,431,32,158,3,3,0,0,3.884903534208232,0.22529026667450358
/page-01012,demoapp.co,100,100,50,140,5,1,1,0,17.80898384066493,0.36968332912098195
/page-01013,testsite.io,121,163,71,161,5,1,0,0,7.139599855466408,0.45095599510992
/page-01014,testsite.io,100,61,48,168,10,4,0,1,2.316151713312811,0.06190001694599471
/page-01015,testsite.io,100,109,46,168,10,3,0,0,10.721229457333404,0.5768933665256725
/page-01016,exampledomain.com,265,75,65,156,7,2,0,2,7.0657798723367025,0.22830916118824293
/page-01017,testsite.io,109,77,69,110,4,3,0,0,12.257330258246764,0.27129373399977286
/page-01018,testsite.io,171,85,55,124,6,7,1,1,1.0,0.38840819081145067
/page-01019,testsite.io,470,179,40,133,1,2,0,1,11.243876859042047,0.4537993270642107
/page-01020,demoapp.co,469,88,38,125,7,1,0,0,3.3063559000708684,0.5328859764736837
/page-01021,demoapp.co,100,847,45,84,4,1,0,1,10.585140400969472,0.4233151620776041
/page-01022,demoapp.co,100,207,54,157,10,0,1,0,18.54825017087304,0.4290673644924849
/page-01023,demoapp.co,388,77,53,198,4,4,0,1,12.732238081303755,0.32007635146960883
/page-01024,demoapp.co,111,93,52,68,3,2,0,0,9.800149957281866,0.19540823282893055
/page-01025,testsite.io,240,22,72,164,7,2,0,1,3.0192029012597663,0.38608912377937726
/page-01026,exampledomain.com,100,391,38,92,8,3,0,0,6.772261629647165,0.2533247533948772
/page-01027,exampledomain.com,100,116,50,116,6,1,1,0,1.0,0.14554880675564624
/page-01028,testsite.io,100,188,35,132,8,4,0,0,1.6208005776390575,0.5959410272691019
/page-01029,demoapp.co,183,237,62,182,2,2,0,0,12.763606776628144,0.3663599499918348
/page-01030,demoapp.co,219,328,65,105,5,7,0,0,9.726536043920946,0.40509994795815474
/page-01031,demoapp.co,100,376,49,158,4,5,0,0,8.966394808008806,0.21051156081252148
/page-01032,demoapp.co,283,332,43,81,4,2,0,0,6.583183370974296,0.2484601552041419
/page-01033,exampledomain.com,224,90,51,156,6,1,1,0,11.871919367633867,0.20294763139279987
/page-01034,exampledomain.com,243,306,55,174,5,5,0,0,7.627427568667535,0.032716831271742734
/page-01035,testsite.io,276,150,50,114,7,3,0,0,9.708472553487809,0.5425651640664301
/page-01036,demoapp.co,115,537,57,68,6,2,0,1,1.986049567878184,0.24884390754581986
/page-01037,demoapp.co,528,55,72,123,3,4,0,1,3.124258729319303,0.1465010938273186
/page-01038,exampledomain.com,937,198,46,64,7,3,1,2,10.800768048854373,0.4062530772331416
/page-01039,exampledomain.com,100,80,48,60,3,1,1,0,6.9782398736087305,0.27715415951321243
/page-01040,demoapp.co,100,347,69,197,9,3,0,1,12.82349954215758,0.2960244722033743
/page-01041,demoapp.co,100,354,66,164,6,3,0,0,12.430987920941885,0.5313134563746239
/page-01042,testsite.io,102,9,65,159,8,3,0,0,7.844211148875117,0.22464491553222007
/page-01043,demoapp.co,111,231,66,222,3,1,0,0,4.133687524072613,0.07528168635043982
/page-01044,exampledomain.com,100,160,58,81,3,2,0,0,13.494747789172305,0.519497774109102
/page-01045,exampledomain.com,232,296,80,152,4,3,0,0,1.0,0.3955199895765384
/page-01046,exampledomain.com,280,2,59,163,8,2,0,1,10.029675491388637,0.12702006400137758
/page-01047,demoapp.co,100,16,35,85,12,2,0,0,7.30885677353727,0.30702209879100756
/page-01048,testsite.io,100,52,58,87,8,5,1,0,12.521209672332835,0.4630206197039532
/page-01049,demoapp.co,100,18,60,129,6,4,0,0,7.532600597677402,0.596685109267257
/page-01050,testsite.io,251,131,64,111,8,4,0,3,2.367111474333935,0.2362519428358663
/page-01051,demoapp.co,270,7,50,135,8,2,1,0,10.326432511123988,0.3253707390550416
/page-01052,testsite.io,100,261,56,127,3,2,1,0,3.8540225653209044,0.12951649231159962
/page-01053,exampledomain.com,100,232,54,129,6,4,0,1,9.252466543134126,0.4346938511328692
/page-01054,testsite.io,518,46,51,31,5,3,1,0,6.597909676988265,0.5650232439189546
/page-01055,exampledomain.com,329,541,52,164,4,1,1,3,16.08135413604618,0.5030813524851109
/page-01056,testsite.io,100,11,46,139,8,2,0,1,13.267655128386957,0.42453147133461416
/page-01057,testsite.io,100,29,62,87,6,3,0,0,1.0,0.25197690226368624
/page-01058,testsite.io,100,456,30,95,3,4,0,0,1.0363157752957672,0.3832469836301071
/page-01059,exampledomain.com,117,365,61,94,7,1,0,0,12.440714441960978,0.55048183203141
/page-01060,exampledomain.com,100,668,59,206,5,5,0,0,4.2314485175201835,0.2921761094709541
/page-01061,testsite.io,263,33,49,111,1,3,0,0,1.5779607603419201,0.0639441299923825
/page-01062,demoapp.co,100,614,47,145,5,3,0,1,9.06594875616891,0.407670317560189
/page-01063,exampledomain.com,229,106,55,143,1,2,0,0,12.478390966829213,0.48866710251423473
/page-01064,exampledomain.com,188,41,50,146,9,2,0,0,9.114968885637833,0.16064630787606704
/page-01065,exampledomain.com,110,516,49,82,7,5,0,0,9.648562884052655,0.12041552242738718
/page-01066,testsite.io,314,169,28,131,4,6,0,0,8.92253831761297,0.2830072163556693
/page-01067,demoapp.co,100,109,66,141,5,2,0,0,8.424404453094985,0.5056778580744891
/page-01068,exampledomain.com,100,76,46,113,7,8,0,0,2.0378247627154575,0.16659077068397163
/page-01069,demoapp.co,100,83,31,173,11,6,0,0,1.31502195488323,0.1333951205891608
/page-01070,demoapp.co,100,213,44,151,5,2,0,1,1.0,0.2864017432287891
/page-01071,exampledomain.com,100,94,56,163,3,1,1,0,6.636859590131788,0.3822984727100565
/page-01072,testsite.io,100,46,46,82,5,1,0,0,13.102866994292603,0.24734937009814342
/page-01073,demoapp.co,902,33,43,180,4,3,0,0,12.275071368728131,0.18456448077527202
/page-01074,demoapp.co,100,36,52,64,1,4,0,1,7.232632673861392,0.7301396284818368
/page-01075,testsite.io,319,62,15,122,2,3,0,1,6.14298713635782,0.24684979227618328
/page-01076,demoapp.co,217,227,61,129,5,2,0,0,7.296831691221707,0.6257796355054589
/page-01077,demoapp.co,175,14,31,99,2,3,0,0,1.0,0.06695612704162317
/page-01078,demoapp.co,291,8,51,146,5,4,0,0,6.757546801763953,0.04953554080138744
/page-01079,demoapp.co,314,82,43,190,2,3,0,0,11.786511196989624,0.26422041793747075
/page-01080,exampledomain.com,100,168,56,130,6,3,0,0,10.08444337319355,0.10352617683284801
/page-01081,demoapp.co,100,1685,67,143,4,4,0,0,8.271257029379202,0.46104602456603616
/page-01082,demoapp.co,104,160,63,94,4,5,0,0,6.59329915360644,0.17050983022341124
/page-01083,testsite.io,591,150,47,175,2,1,0,0,5.8160308002026255,0.14465342661419361
/page-01084,testsite.io,100,1,52,149,2,4,0,0,9.693173428190383,0.3890717144820407
/page-01085,exampledomain.com,100,85,42,133,5,5,0,0,8.69341899353999,0.3452234761880979
/page-01086,testsite.io,100,84,52,129,6,7,0,0,1.5809308738109937,0.15503991181025004
/page-01087,exampledomain.com,100,15,59,135,7,3,0,1,6.233459197902952,0.18591405887673268
/page-01088,exampledomain.com,100,117,44,160,3,6,0,1,10.01451573036641,0.05580511347171328
/page-01089,testsite.io,119,214,49,120,5,5,0,0,1.2484242594550405,0.32608957338209205
/page-01090,testsite.io,100,452,57,171,7,3,0,0,11.491006481590304,0.4787305037581565
/page-01091,exampledomain.com,100,25,48,105,2,2,0,0,8.930445943847793,0.08979269968335853
/page-01092,demoapp.co,161,98,52,195,9,6,0,2,6.023051427124514,0.19971780355372326
/page-01093,demoapp.co,100,48,77,167,7,3,0,0,7.794564856114988,0.11395818351775826
/page-01094,demoapp.co,100,0,54,86,5,2,0,0,7.091251940570418,0.1429327192767109
/page-01095,exampledomain.com,230,58,44,99,6,3,0,0,7.856868820944029,0.13903826517484286
/page-01096,testsite.io,117,132,63,105,5,1,0,0,11.788816739974807,0.38483471406355907
/page-01097,exampledomain.com,100,74,78,130,10,5,1,1,12.585890530682793,0.28332056600217864
/page-01098,demoapp.co,100,38,49,157,5,2,0,1,3.2885274865763234,0.3318948994990074
/page-01099,testsite.io,105,349,43,133,5,2,0,1,7.2304303329632535,0.031614571319495945
/page-01100,demoapp.co,100,39,57,142,4,3,0,0,12.078839383829699,0.2510099303835892
/page-01101,exampledomain.com,100,100,40,144,6,1,0,0,12.087286631092393,0.20603288881148743
/page-01102,testsite.io,100,27,57,72,7,2,0,0,1.0,0.11980127025232656
/page-01103,testsite.io,113,187,46,161,7,3,1,0,9.326704962913274,0.4407733990967139
/page-01104,exampledomain.com,166,255,32,123,7,0,0,0,10.172926356028066,0.21802648774354216
/page-01105,testsite.io,163,249,62,118,8,1,0,0,12.19301981192051,0.24506880315668197
/page-01106,demoapp.co,100,72,51,169,5,2,0,0,10.279075376421691,0.5101391083564656
/page-01107,demoapp.co,135,28,53,124,4,1,0,0,9.390695709916493,0.3126655303293195
/page-01108,demoapp.co,100,131,48,117,4,2,0,0,14.916819622855254,0.3691525107541518
/page-01109,testsite.io,237,6,51,144,4,2,0,0,14.228118313758412,0.16717272160256497
/page-01110,demoapp.co,100,278,66,139,4,2,0,0,7.964231054611339,0.5417370456225934
/page-01111,demoapp.co,155,89,43,123,6,6,0,0,7.689647567691993,0.5303888766131878
/page-01112,exampledomain.com,118,97,60,201,5,4,0,0,7.101042403218648,0.44098336054877224
/page-01113,demoapp.co,418,45,45,136,4,2,0,0,7.633724199455848,0.3594249976416382
/page-01114,demoapp.co,100,84,36,166,3,1,0,0,11.634634404091681,0.24407256979831807
/page-01115,exampledomain.com,100,11,57,130,2,2,0,1,8.433192203440958,0.33001843993506075
/page-01116,demoapp.co,100,140,57,94,7,3,1,0,8.202696922737815,0.4247968564381534
/page-01117,demoapp.co,100,438,52,125,6,7,0,0,8.473071715113633,0.24511611097126695
/page-01118,exampledomain.com,100,336,62,69,5,3,0,1,1.0,0.27471608190507624
/page-01119,demoapp.co,274,304,78,87,3,2,0,0,12.917837160073582,0.32521746404137647
/page-01120,demoapp.co,100,25,39,86,3,9,0,0,7.875914960017461,0.4310495460373705
/page-01121,testsite.io,234,53,65,141,7,2,0,0,7.353489735775675,0.27974683017890356
/page-01122,exampledomain.com,176,124,48,180,8,4,0,2,5.580313216128893,0.627690426844844
/page-01123,demoapp.co,100,102,52,74,5,2,0,0,6.772141119207273,0.08427841923058328
/page-01124,demoapp.co,153,132,53,101,7,8,0,0,10.492712682090783,0.3656858199030842
/page-01125,exampledomain.com,270,15,37,136,7,4,0,0,10.842840627278237,0.13590613431397663
/page-01126,testsite.io,100,172,56,93,6,3,0,0,3.7454703105093676,0.24988736226947802
/page-01127,exampledomain.com,100,85,60,141,3,0,0,0,1.0,0.3288925810174822
/page-01128,testsite.io,150,265,64,136,3,2,0,0,9.310113370331957,0.37800728999554495
/page-01129,testsite.io,181,11,64,140,6,1,0,1,12.5322961445116,0.20331352758072355
/page-01130,exampledomain.com,100,1164,39,78,6,7,1,0,5.197521465090588,0.5312995334072779
/page-01131,exampledomain.com,185,261,39,98,7,5,0,1,8.917099729592357,0.3154089701577397
/page-01132,testsite.io,249,244,45,150,1,2,0,0,6.442100724769877,0.6088008023097641
/page-01133,exampledomain.com,106,34,30,55,3,2,0,0,3.4234587592803916,0.4137439352389031
/page-01134,exampledomain.com,100,88,34,131,6,6,0,0,2.702884958309413,0.2984495317134175
/page-01135,demoapp.co,116,150,27,110,1,4,1,1,5.898482815472173,0.16575777620589022
/page-01136,demoapp.co,100,334,67,53,3,2,0,2,6.3008264010148105,0.2694892170264263
/page-01137,testsite.io,100,110,43,195,4,1,0,0,12.41753200262287,0.11034735262083295
/page-01138,testsite.io,100,88,60,146,3,4,0,2,10.132385777157268,0.41073486420754124
/page-01139,exampledomain.com,100,152,42,209,3,3,0,0,5.724767485595495,0.2604798273856723
/page-01140,exampledomain.com,100,333,43,153,8,4,0,0,12.944379120588549,0.3162506162371857
/page-01141,testsite.io,100,500,51,122,5,5,0,0,11.584529724893915,0.35016817487746105
/page-01142,testsite.io,100,117,44,209,4,2,0,0,16.255327921438994,0.3242831219725503
/page-01143,testsite.io,114,24,46,160,2,4,0,0,11.8457553242384,0.21403047177639245
/page-01144,exampledomain.com,740,247,36,120,8,6,0,0,8.663194718063643,0.32069817927911165
/page-01145,exampledomain.com,100,299,49,58,4,2,0,0,1.0,0.20699274739362808
/page-01146,demoapp.co,100,299,77,137,2,5,0,0,13.160220079378028,0.442030900040748
/page-01147,exampledomain.com,151,30,62,130,6,1,0,0,13.283540395939735,0.15228313789902836
/page-01148,testsite.io,609,12,49,182,5,2,0,0,11.261439745967476,0.34732036744787925
/page-01149,demoapp.co,194,539,37,188,4,4,0,2,5.065351171258797,0.17811189300241217
/page-01150,testsite.io,391,107,53,168,3,3,0,0,11.011169352112884,0.338554834555037
/page-01151,exampledomain.com,100,530,51,205,3,3,1,0,14.03488701568672,0.42152712138503245
/page-01152,exampledomain.com,100,58,48,132,4,4,0,1,8.246812090927707,0.39742913127294244
/page-01153,testsite.io,100,3,57,142,7,7,1,0,6.567627030056452,0.13623923462179063
/page-01154,demoapp.co,217,344,61,118,7,2,0,0,4.90571130631529,0.4931673663933693
/page-01155,exampledomain.com,100,8,83,129,5,5,1,0,11.703882588585126,0.3636884492900721
/page-01156,testsite.io,100,145,56,156,5,2,0,0,2.4861642215358613,0.050689187694028574
/page-01157,exampledomain.com,114,101,65,144,6,5,0,2,6.628057379144714,0.25220584752669745
/page-01158,demoapp.co,145,298,37,152,4,3,0,0,4.948873922352557,0.632135327887757
/page-01159,exampledomain.com,411,35,58,75,8,0,0,1,14.354295719854424,0.6706440259686868
/page-01160,demoapp.co,265,91,65,142,9,6,0,1,9.043413373060787,0.17717604751011887
/page-01161,exampledomain.com,901,66,55,119,5,0,1,1,6.20488258819296,0.3528534778491713
/page-01162,demoapp.co,234,28,34,117,5,2,0,0,9.600359831348264,0.07680351725740248
/page-01163,demoapp.co,110,364,40,104,4,1,0,0,9.736594562267264,0.13036907967007574
/page-01164,exampledomain.com,100,123,52,98,5,2,0,0,5.034816399668661,0.18457003328460528
/page-01165,exampledomain.com,419,37,38,166,2,3,0,0,4.387740045513359,0.5455133683824023
/page-01166,demoapp.co,100,78,52,99,2,4,0,1,4.53434107534879,0.09929087697705942
/page-01167,demoapp.co,132,6,61,102,4,6,1,0,13.539068997457516,0.08977515278732828
/page-01168,exampledomain.com,109,155,51,144,5,3,1,0,8.087440436313004,0.33856570711546125
/page-01169,testsite.io,100,40,59,131,2,0,0,0,10.744795580937533,0.4516242566695974
/page-01170,exampledomain.com,100,103,73,167,5,3,0,0,14.421138012444377,0.049330021945897945
/page-01171,testsite.io,100,3,53,70,6,3,0,0,11.12314108156621,0.361846214627382
/page-01172,testsite.io,755,143,70,140,3,2,0,0,10.483391943649545,0.1940781686449387
/page-01173,testsite.io,100,33,50,75,3,3,0,1,3.7568598486135745,0.21963103760225405
/page-01174,testsite.io,282,40,53,114,6,6,0,0,3.264132534297466,0.22070147205290697
/page-01175,exampledomain.com,100,81,54,198,4,4,1,0,7.320843161786499,0.21683421358960528
/page-01176,exampledomain.com,533,66,44,204,5,1,0,0,6.745901301665038,0.07779471101864327
/page-01177,exampledomain.com,121,535,59,157,2,2,0,0,5.544789195417119,0.37230896676251185
/page-01178,testsite.io,403,3,69,111,3,2,1,0,1.227429177407343,0.10329516964083311
/page-01179,demoapp.co,100,3,63,103,9,2,0,1,8.806955079417273,0.11297065983795584
/page-01180,demoapp.co,100,78,56,123,3,1,0,1,7.865962701063735,0.4389023548617455
/page-01181,demoapp.co,100,288,40,125,7,2,0,1,10.795139160755538,0.32292113123029215
/page-01182,exampledomain.com,503,376,25,151,7,2,1,0,1.0,0.5826307842838875
/page-01183,testsite.io,122,3,71,185,5,3,0,0,19.106111132264147,0.10883321108670463
/page-01184,exampledomain.com,509,80,46,102,5,2,0,0,15.897959279784885,0.15479961883059873
/page-01185,demoapp.co,100,151,75,85,11,4,0,0,1.0,0.155380172790403
/page-01186,demoapp.co,424,71,49,123,4,3,1,0,10.642470983754972,0.43195137798008004
/page-01187,testsite.io,252,6,72,182,4,6,0,0,1.5484291608466867,0.35491650370779776
/page-01188,testsite.io,100,569,19,86,4,2,0,0,7.102163023674367,0.30449211343367166
/page-01189,exampledomain.com,100,192,39,112,6,3,0,0,9.272993532308625,0.14372717049936662
/page-01190,exampledomain.com,100,314,55,88,7,3,0,0,9.788904839108417,0.07874785090997359
/page-01191,demoapp.co,100,865,64,114,4,4,0,0,19.510436968577487,0.27975553898034955
/page-01192,demoapp.co,100,591,76,127,5,4,0,0,13.601477122827966,0.38298058835435345
/page-01193,exampledomain.com,220,58,62,97,5,3,0,1,14.119200623921117,0.585180121681501
/page-01194,demoapp.co,846,281,52,46,5,2,1,1,4.170273527171361,0.43639513040937616
/page-01195,testsite.io,119,16,47,184,6,2,0,0,5.480739962068133,0.6305458625467198
/page-01196,exampledomain.com,100,201,59,178,3,6,1,0,1.7270001601129943,0.14537288858452588
/page-01197,testsite.io,357,176,61,120,3,5,0,2,6.873567063456475,0.1852458143205382
/page-01198,demoapp.co,289,17,72,99,4,1,0,0,6.110334293883104,0.42893054934187225
/page-01199,testsite.io,100,58,74,101,10,5,1,0,11.273563438911657,0.24304530121938733
/page-01200,exampledomain.com,100,71,37,107,8,1,0,2,5.867767036149826,0.7929189355275975
/page-01201,exampledomain.com,132,77,47,102,2,5,0,0,7.324106056624776,0.2249781807710137
/page-01202,exampledomain.com,100,43,38,136,3,0,0,1,10.775971132312314,0.18120263079815316
/page-01203,exampledomain.com,100,161,52,86,8,5,1,0,1.0,0.4902328367290642
/page-01204,demoapp.co,100,668,53,138,2,5,0,0,14.066203785354569,0.3249090457402858
/page-01205,demoapp.co,120,14,64,153,6,5,0,0,16.118724780734883,0.27412807712363213
/page-01206,exampledomain.com,140,230,61,120,5,0,1,0,12.792614020210666,0.6364758054210738
/page-01207,testsite.io,100,569,27,257,4,5,0,0,3.555325040350687,0.4749289537414836
/page-01208,demoapp.co,142,259,51,96,6,3,0,0,10.619626993772107,0.49070566758488326
/page-01209,demoapp.co,100,198,60,87,3,0,0,2,6.558227981583995,0.293995205518174
/page-01210,demoapp.co,102,300,49,114,7,4,0,1,6.0773003061838855,0.2589260435049536
/page-01211,demoapp.co,100,63,62,205,2,3,0,0,12.575472455916927,0.4470371025858362
/page-01212,testsite.io,100,507,37,117,3,1,0,0,2.496355209790832,0.28604632410116687
/page-01213,demoapp.co,222,404,58,170,5,1,0,0,12.986080358379958,0.44358848917801713
/page-01214,exampledomain.com,415,237,51,96,5,6,0,1,14.469894579736629,0.0733081249429304
/page-01215,testsite.io,146,1,72,116,5,0,0,0,6.974915191004152,0.15747906895550054
/page-01216,demoapp.co,100,236,63,121,4,1,0,1,2.3386419363088304,0.5690062493332626
/page-01217,demoapp.co,118,19,73,121,7,4,0,0,15.381651173640474,0.25435120046314896
/page-01218,testsite.io,635,172,53,93,4,1,0,1,1.0,0.30516938854283576
/page-01219,exampledomain.com,119,8,71,159,2,1,0,0,1.7264591647196097,0.5075210106150025
/page-01220,testsite.io,100,160,53,146,5,5,0,0,6.172379606818372,0.3698820392909986
/page-01221,testsite.io,170,168,62,125,2,2,1,0,12.925758475811449,0.5035980297997364
/page-01222,demoapp.co,100,301,52,142,15,2,0,0,6.1852940695123015,0.36066813400363734
/page-01223,demoapp.co,100,254,47,140,4,2,0,0,19.233875770056894,0.10559745674655885
/page-01224,exampledomain.com,100,74,56,49,3,3,0,0,2.048799084947098,0.3476047807079742
/page-01225,testsite.io,148,207,62,101,3,5,0,0,1.7960501304488927,0.35778483003889905
/page-01226,exampledomain.com,100,230,41,150,6,1,0,1,1.0,0.0545434096531601
/page-01227,exampledomain.com,100,87,44,86,0,4,0,0,1.0,0.43100649176168077
/page-01228,demoapp.co,470,345,59,122,7,1,0,0,3.856554465609398,0.22714724947352988
/page-01229,exampledomain.com,100,112,44,187,4,3,0,1,11.521386576846806,0.3839009035375002
/page-01230,exampledomain.com,190,23,49,144,2,2,1,0,10.210892604070668,0.14811217488790568
/page-01231,demoapp.co,130,3,56,192,4,5,0,2,16.19301107206397,0.222693612772519
/page-01232,demoapp.co,375,244,63,100,6,5,1,1,9.92145221443376,0.40584360066824393
/page-01233,demoapp.co,100,62,49,154,7,3,1,0,2.5990312083235807,0.08500143437179054
/page-01234,testsite.io,100,2,56,173,4,5,0,0,3.4095787028597773,0.11379004407113752
/page-01235,demoapp.co,100,218,53,229,4,2,1,1,5.782071250649661,0.28915736848557533
/page-01236,demoapp.co,100,265,59,46,10,7,0,0,4.300009686773228,0.41861066222303744
/page-01237,demoapp.co,150,6,40,192,4,5,0,1,7.904506854563876,0.24480727218174675
/page-01238,demoapp.co,110,23,59,67,3,6,0,0,14.47451577262645,0.3416780495544385
/page-01239,testsite.io,100,218,39,143,4,3,1,1,7.660028872955877,0.09776705084373642
/page-01240,testsite.io,110,64,42,153,3,3,0,0,15.184472953029093,0.09090458233704202
/page-01241,testsite.io,100,85,55,115,4,8,0,1,1.0,0.6969403614784371
/page-01242,testsite.io,397,370,32,100,8,6,0,0,12.715678148630488,0.3280839784603645
/page-01243,testsite.io,238,31,67,196,1,2,0,0,1.0,0.07222215545944503
/page-01244,demoapp.co,100,1,39,109,6,3,0,0,1.0,0.3484494970658645
/page-01245,demoapp.co,100,133,70,141,6,2,0,0,13.644967504770282,0.1760830148593823
/page-01246,testsite.io,236,468,44,77,6,3,0,0,11.130452864010223,0.27977908404351437
/page-01247,testsite.io,100,298,38,30,4,5,1,0,8.323642562853918,0.26927912150223987
/page-01248,demoapp.co,100,119,62,77,3,1,0,0,4.3367464443799895,0.40607395480835606
/page-01249,testsite.io,611,21,51,159,6,3,0,1,9.700210834161458,0.5009916542814243
/page-01250,testsite.io,100,119,46,155,5,4,0,0,5.574006005241163,0.06817102953582815
/page-01251,demoapp.co,100,42,30,111,3,1,0,0,10.274755255081395,0.3594403302105091
/page-01252,testsite.io,214,53,65,93,5,2,0,1,6.844076510038487,0.22146540855138477
/page-01253,exampledomain.com,100,317,54,102,8,4,0,0,9.905780742147137,0.19635479594855743
/page-01254,testsite.io,100,26,61,104,3,1,0,0,15.476530581672968,0.3665517425843414
/page-01255,exampledomain.com,100,322,53,75,3,7,1,1,13.28690403468447,0.6435728901814273
/page-01256,testsite.io,100,24,55,99,4,1,0,0,1.0,0.12445677010900466
/page-01257,demoapp.co,100,83,47,68,2,5,1,1,12.898738461485992,0.6514160238988842
/page-01258,testsite.io,210,136,10,160,5,4,1,0,3.7155211713041005,0.26660796952627697
/page-01259,exampledomain.com,171,270,23,122,7,4,0,0,18.71731415556828,0.13532448676385583
/page-01260,exampledomain.com,152,214,64,192,9,6,0,0,9.178446418975767,0.0820756573811019
/page-01261,demoapp.co,154,33,51,125,4,5,0,0,4.504087428283936,0.11980620773583374
/page-01262,exampledomain.com,100,3,54,163,2,5,1,0,8.719373513445541,0.5641823038196974
/page-01263,testsite.io,100,388,66,182,1,1,0,0,4.374066596302275,0.3707587763426018
/page-01264,exampledomain.com,100,565,69,90,7,3,0,1,4.137028096863819,0.48405012884585846
/page-01265,exampledomain.com,100,340,56,100,5,3,0,0,1.513424380562192,0.3420482698914042
/page-01266,demoapp.co,529,31,50,112,5,3,0,1,9.986319136492044,0.03201420410471403
/page-01267,demoapp.co,100,248,47,168,11,4,0,3,7.937364637473853,0.5100954569241215
/page-01268,demoapp.co,211,655,47,152,3,2,1,0,9.779513555800488,0.2327966323978806
/page-01269,exampledomain.com,326,235,59,107,6,2,0,0,7.762838351925168,0.24191894434769945
/page-01270,exampledomain.com,100,970,45,188,1,5,1,0,6.666107522317777,0.5000633461352804
/page-01271,testsite.io,208,8,51,169,2,2,0,0,7.509162052172875,0.117520095973907
/page-01272,exampledomain.com,108,5,48,141,5,4,1,0,1.541059852934815,0.2593150423244008
/page-01273,exampledomain.com,100,263,51,176,3,1,0,1,11.966208350036984,0.25662282492697563
/page-01274,testsite.io,100,181,58,157,7,1,0,2,12.202519963213337,0.1683688878607505
/page-01275,testsite.io,123,98,54,99,8,2,0,1,5.025721792268005,0.41127862718441954
/page-01276,testsite.io,153,73,47,96,6,1,0,0,13.484372441652559,0.34153844107848336
/page-01277,exampledomain.com,100,198,48,108,1,1,0,1,1.0,0.34985895358550556
/page-01278,demoapp.co,138,115,51,150,4,4,0,0,17.87849305806975,0.3494661610062917
/page-01279,exampledomain.com,100,226,62,140,1,3,0,0,5.3282731552951885,0.1794475553636095
/page-01280,demoapp.co,288,350,63,93,6,1,0,0,2.888452436675733,0.41687109655265625
/page-01281,demoapp.co,729,143,69,218,6,1,0,1,6.35323671206807,0.18219667231155806
/page-01282,demoapp.co,100,97,58,175,4,4,0,1,3.871288055745276,0.6642688686942922
/page-01283,exampledomain.com,111,251,60,70,3,2,1,1,3.6521205986491188,0.8358615913292242
/page-01284,demoapp.co,100,320,38,165,7,1,0,0,6.065161352008938,0.19586819877456005
/page-01285,exampledomain.com,100,224,51,116,7,1,0,0,5.148878311694473,0.17578475037646285
/page-01286,testsite.io,100,76,66,170,3,0,1,0,5.19023972452182,0.14226512488624485
/page-01287,exampledomain.com,100,4,60,120,5,2,0,1,11.925493352877638,0.34605699870391243
/page-01288,exampledomain.com,192,295,60,133,4,2,0,1,1.800975745027861,0.4243605632562277
/page-01289,exampledomain.com,100,311,59,140,5,2,0,0,1.9975233050846883,0.1139648024485144
/page-01290,testsite.io,278,22,46,103,10,3,0,0,4.955508614734544,0.3775451566581211
/page-01291,demoapp.co,240,54,72,111,8,1,0,1,10.701504944149267,0.35063704382505245
/page-01292,testsite.io,100,266,62,106,8,1,0,1,9.623409137776209,0.560949584154725
/page-01293,demoapp.co,100,53,64,149,5,4,0,0,9.976798205829468,0.1901761245480329
/page-01294,demoapp.co,131,68,45,69,9,1,0,0,11.181692187814456,0.42092305173963757
/page-01295,testsite.io,201,226,30,159,7,2,0,0,8.161713612120638,0.2010739979952589
/page-01296,testsite.io,100,54,48,115,0,6,0,1,1.0,0.23998463867853323
/page-01297,exampledomain.com,100,147,56,91,5,1,0,0,9.146701797489605,0.38286082621203077
/page-01298,testsite.io,387,288,45,120,3,5,0,0,11.822168791977449,0.4061396228661492
/page-01299,testsite.io,100,1050,49,88,7,6,0,0,9.006128120084744,0.32850896527134843
/page-01300,demoapp.co,158,313,50,74,7,2,0,0,5.2003640208520325,0.013059876484907466
/page-01301,demoapp.co,100,62,63,115,4,0,0,0,6.735200801226656,0.15217505128650696
/page-01302,exampledomain.com,100,109,33,107,6,3,0,0,3.189393600858078,0.2122882561397937
/page-01303,demoapp.co,100,224,55,179,5,3,0,0,3.797622038377507,0.5676263739104257
/page-01304,exampledomain.com,100,299,26,130,9,0,0,0,4.627965236365537,0.22606548541541524
/page-01305,testsite.io,171,82,34,79,3,3,0,1,1.0,0.19624818789876552
/page-01306,testsite.io,100,150,43,114,8,3,0,0,8.854019597221969,0.38581539489749284
/page-01307,exampledomain.com,300,76,37,118,6,4,0,1,7.1234963202679555,0.3863591602212758
/page-01308,testsite.io,100,8,47,135,8,5,0,0,1.0,0.10830604662862983
/page-01309,demoapp.co,129,512,59,176,6,3,0,0,10.168509491922226,0.011485511370025906
/page-01310,exampledomain.com,192,15,44,104,3,3,1,2,8.239841853436097,0.18649956013258734
/page-01311,exampledomain.com,100,425,31,104,4,4,0,2,13.974695614288317,0.046061114122223655
/page-01312,demoapp.co,100,77,39,126,6,3,0,0,1.0,0.23424263977069673
/page-01313,demoapp.co,100,67,61,197,7,4,0,0,4.18556669275095,0.14880404716510748
/page-01314,demoapp.co,238,679,54,115,5,3,0,0,13.862833221553164,0.2216232843968163
/page-01315,exampledomain.com,100,130,59,143,10,6,0,1,2.8970759572300917,0.0678134948064562
/page-01316,exampledomain.com,161,78,49,89,4,1,0,0,5.3682425081732905,0.23211070895107178
/page-01317,demoapp.co,100,133,43,203,7,2,0,0,7.933817719323223,0.2713561498249154
/page-01318,exampledomain.com,100,3,56,73,4,2,0,1,5.158813044286651,0.39614192807917736
/page-01319,exampledomain.com,201,48,59,108,9,2,0,0,9.752068915928577,0.3673505194570705
/page-01320,testsite.io,154,18,57,144,9,5,1,0,10.323260073678558,0.08761155419197991
/page-01321,demoapp.co,174,90,40,128,6,4,0,0,6.0511818372549175,0.07359953142772524
/page-01322,demoapp.co,256,205,58,85,4,2,0,0,10.675129049698683,0.2864624179013481
/page-01323,testsite.io,100,109,60,140,7,3,0,0,8.849195688147276,0.109195281767137
/page-01324,exampledomain.com,100,16,43,167,5,3,0,0,6.603674031632761,0.2885070473635194
/page-01325,testsite.io,100,104,39,46,4,2,0,2,14.273443134991695,0.4062166791140062
/page-01326,testsite.io,100,13,64,148,1,4,0,0,9.16818879104511,0.34661581935027613
/page-01327,exampledomain.com,200,2,45,71,3,6,0,0,5.103174757223626,0.3633923170639631
/page-01328,exampledomain.com,100,448,68,115,3,4,0,0,11.999090849077133,0.35174876559517493
/page-01329,exampledomain.com,100,90,49,129,6,3,1,0,8.152678800878181,0.030171277969061452
/page-01330,demoapp.co,100,70,62,131,7,4,0,0,4.1917015019501065,0.15699126787397305
/page-01331,exampledomain.com,100,506,48,167,4,2,0,0,6.208673305042015,0.3304402365720833
/page-01332,exampledomain.com,100,2,51,107,7,5,1,1,6.865243064365117,0.21845702067997885
/page-01333,testsite.io,100,73,50,144,3,3,0,0,9.365164679890405,0.09893521424201986
/page-01334,demoapp.co,921,66,45,49,8,5,0,0,13.461704588883885,0.1305775737122442
/page-01335,exampledomain.com,232,119,54,136,5,4,0,1,12.458132360055297,0.32108654995228253
/page-01336,testsite.io,252,84,32,139,6,5,0,0,6.704040641311117,0.08234567295453346
/page-01337,testsite.io,100,233,34,153,6,4,0,0,1.0,0.25480177119206904
/page-01338,demoapp.co,100,9,68,225,6,4,0,0,3.4228380524086415,0.2220984033728203
/page-01339,demoapp.co,170,37,42,75,8,3,0,0,15.483334345371162,0.22657056739645956
/page-01340,exampledomain.com,100,59,64,59,2,2,0,0,12.357712287009713,0.056844130848681854
/page-01341,demoapp.co,100,102,72,144,5,5,0,2,17.8647224285498,0.10812700961817823
/page-01342,testsite.io,119,206,63,136,2,1,0,1,6.641027828286652,0.09188181768335554
/page-01343,exampledomain.com,244,374,66,120,4,2,1,0,15.341574738175458,0.39218963057559275
/page-01344,testsite.io,130,26,58,98,9,3,0,0,18.119918465952573,0.19702594151306324
/page-01345,demoapp.co,211,120,38,167,4,4,0,1,13.402313329107464,0.03181958923292443
/page-01346,testsite.io,450,41,53,76,8,2,0,0,1.0,0.5974348378314566
/page-01347,testsite.io,100,4,49,172,7,4,1,1,1.2888354233620207,0.47208102566699245
/page-01348,testsite.io,100,1,41,112,10,5,0,0,6.006082324648723,0.6248941483255185
/page-01349,testsite.io,100,196,51,124,4,2,1,0,13.634269562512648,0.5074013286550934
/page-01350,demoapp.co,100,41,61,140,1,2,0,1,13.095526849829232,0.28782313547650706
/page-01351,exampledomain.com,100,91,51,176,4,0,1,0,5.8638911862558585,0.18733579762885164
/page-01352,exampledomain.com,119,825,43,150,4,4,0,0,9.901622688882,0.6788229223137551
/page-01353,exampledomain.com,100,292,46,103,6,1,0,0,3.0527836436290094,0.22513456495276174
/page-01354,exampledomain.com,100,136,49,171,9,2,0,2,11.540471602448726,0.48870059296609747
/page-01355,demoapp.co,100,224,39,164,2,2,0,0,4.8546951482126595,0.16516862479172084
/page-01356,demoapp.co,100,20,49,115,4,2,0,0,12.149384551023998,0.20277298940639737
/page-01357,testsite.io,216,292,53,152,4,3,0,1,10.428953664132235,0.3347062635208886
/page-01358,testsite.io,100,412,46,125,5,3,0,0,8.090619944435216,0.19088669595079236
/page-01359,demoapp.co,698,8,55,159,3,3,0,0,3.8818242373484386,0.29800950553341693
/page-01360,exampledomain.com,161,4,57,120,4,4,0,0,1.238044702395582,0.357207392377991
/page-01361,testsite.io,100,129,37,80,6,1,0,0,11.47823742292389,0.29907730825895545
/page-01362,testsite.io,100,6,54,106,2,4,0,1,8.731062387253656,0.37625289190188843
/page-01363,demoapp.co,245,26,38,145,6,2,0,0,8.645191402309225,0.2184598516015291
/page-01364,exampledomain.com,258,161,77,97,4,1,0,0,2.2645824630471765,0.558113539985503
/page-01365,exampledomain.com,100,1015,56,136,3,1,1,0,6.857485061730295,0.5199645070479247
/page-01366,testsite.io,157,409,37,86,5,8,0,0,1.0,0.3713818711667911
/page-01367,demoapp.co,263,107,43,132,2,5,0,0,6.149968064467301,0.4795322568233495
/page-01368,testsite.io,100,33,40,100,3,3,0,0,2.3161799444242313,0.368654995138237
/page-01369,testsite.io,115,183,47,178,1,2,1,0,8.892298049376262,0.41422875847250124
/page-01370,testsite.io,100,110,51,191,3,3,0,0,6.2215770686988385,0.09594999308869472
/page-01371,exampledomain.com,373,123,44,123,3,4,0,0,1.0,0.1440443850210333
/page-01372,exampledomain.com,366,67,49,107,5,4,0,0,9.288781883439016,0.2280961029252965
/page-01373,demoapp.co,264,1211,44,99,4,3,0,0,10.470818128732274,0.375010443183753
/page-01374,exampledomain.com,100,167,50,131,6,5,0,0,8.93252759175716,0.3219763741103076
/page-01375,exampledomain.com,280,213,68,160,7,3,0,0,10.354262221656423,0.36473036063049363
/page-01376,exampledomain.com,461,35,61,177,6,1,0,1,15.609693158999942,0.12682182563176708
/page-01377,demoapp.co,246,15,59,164,6,4,1,0,20.381963427307415,0.11279749642332755
/page-01378,testsite.io,100,229,55,94,8,3,0,1,1.7364105348322934,0.07590244693850891
/page-01379,exampledomain.com,302,82,46,130,8,3,0,0,7.06359664454585,0.22841778863608245
/page-01380,demoapp.co,494,169,56,142,6,8,0,0,4.634263657226214,0.1913435418511293
/page-01381,testsite.io,100,84,52,227,1,2,0,0,15.119647246667084,0.18767739989135127
/page-01382,testsite.io,257,143,70,145,6,1,0,0,7.113292797421824,0.5561707712875255
/page-01383,testsite.io,255,27,44,141,5,2,1,1,14.184592620939306,0.014043211628078664
/page-01384,exampledomain.com,100,183,43,191,2,6,0,0,4.226020754865628,0.379513376730386
/page-01385,exampledomain.com,609,339,73,72,5,1,0,0,11.85404735912758,0.14406972403009996
/page-01386,demoapp.co,100,165,54,100,3,3,0,0,11.821851305037942,0.5177219362379402
/page-01387,testsite.io,123,50,51,149,9,2,0,0,5.400137537201126,0.21487007795365082
/page-01388,exampledomain.com,100,349,48,90,4,0,0,1,9.883011227371028,0.4180547888456246
/page-01389,exampledomain.com,186,295,53,57,5,2,1,0,4.437007841714832,0.6954497674593827
/page-01390,testsite.io,100,115,46,112,4,4,0,1,1.162113763394312,0.720049267630365
/page-01391,testsite.io,100,15,46,115,1,5,0,1,13.10731567397098,0.3251869165567767
/page-01392,testsite.io,100,27,55,68,3,2,0,1,10.772747473057343,0.35153992815379986
/page-01393,demoapp.co,103,24,77,118,4,2,0,0,9.74102904358446,0.07522127148741901
/page-01394,testsite.io,127,34,46,93,8,4,0,0,8.608101217202108,0.4821549759541876
/page-01395,exampledomain.com,100,2,42,103,11,4,0,0,13.540240139312072,0.42898529606648345
/page-01396,demoapp.co,100,15,54,121,6,4,0,0,9.31746133798279,0.09852470923714124
/page-01397,exampledomain.com,100,163,41,209,5,2,0,1,17.21463855078497,0.5331932769940829
/page-01398,exampledomain.com,358,3,47,176,7,2,0,0,5.459781408616182,0.21251235986845005
/page-01399,exampledomain.com,234,359,39,169,6,2,0,0,5.666883277121963,0.38193998872879287
/page-01400,testsite.io,149,76,63,114,6,5,1,0,6.254110905907264,0.41360157000111775
/page-01401,demoapp.co,100,166,38,65,4,3,0,0,11.949159500138375,0.10644286235507136
/page-01402,testsite.io,100,94,51,89,5,3,1,0,6.406823754377206,0.6039655409743281
/page-01403,demoapp.co,434,338,49,101,5,1,0,0,6.957630333183536,0.24674913987560573
/page-01404,demoapp.co,100,274,27,110,3,2,0,0,13.845304380239202,0.33258229613132206
/page-01405,testsite.io,196,119,45,41,5,2,0,0,10.46780526289075,0.13314362449601172
/page-01406,demoapp.co,146,30,43,178,8,4,0,0,1.921873383836707,0.0782919926424972
/page-01407,testsite.io,237,72,42,170,5,3,0,1,3.6340888735497625,0.3143013919022902
/page-01408,testsite.io,139,100,47,145,7,2,0,0,7.153340798658529,0.21203711802782044
/page-01409,testsite.io,493,106,46,195,4,2,0,0,13.200851510651571,0.055220437668091725
/page-01410,demoapp.co,100,9,63,171,2,4,0,0,7.4720117328255125,0.16130697932529228
/page-01411,exampledomain.com,100,13,43,94,2,6,0,2,10.970450610977228,0.3796437012234464
/page-01412,demoapp.co,102,455,62,92,5,2,1,0,9.643623228050737,0.1311132063768876
/page-01413,demoapp.co,100,722,42,114,1,1,1,0,3.0743508769510237,0.10206459810102075
/page-01414,testsite.io,100,4,73,173,4,2,0,0,10.470485440722689,0.04185398140766283
/page-01415,testsite.io,364,162,63,93,6,5,0,0,12.522005543100072,0.4419378180229116
/page-01416,testsite.io,168,469,48,117,6,4,0,0,3.440926122661997,0.4596115771120166
/page-01417,testsite.io,100,85,36,112,4,2,0,0,10.65710963343027,0.35449572060666423
/page-01418,testsite.io,100,35,57,126,4,5,0,0,6.4859540177442785,0.2347282486279009
/page-01419,testsite.io,100,99,54,99,5,4,0,0,15.549599617494898,0.13636046823502285
/page-01420,exampledomain.com,100,33,40,120,7,5,0,0,5.3978573034710795,0.19436504197500573
/page-01421,demoapp.co,136,105,29,101,8,5,0,0,2.622898138670103,0.2735225608998478
/page-01422,testsite.io,100,18,59,212,7,4,0,0,19.726574089189914,0.16655298487692935
/page-01423,demoapp.co,121,261,48,175,5,2,0,0,3.947125990341412,0.11229080550177042
/page-01424,demoapp.co,103,94,67,75,3,3,0,0,5.815157646161403,0.12410709398139746
/page-01425,exampledomain.com,100,322,48,78,3,6,0,0,7.899075702966577,0.22320828595109451
/page-01426,testsite.io,100,76,61,159,4,4,1,0,1.6089605309747963,0.5674563222543549
/page-01427,exampledomain.com,372,23,40,86,5,0,0,0,1.0,0.15752851361901504
/page-01428,exampledomain.com,207,39,66,118,4,5,0,0,9.18267645852491,0.23956622640949907
/page-01429,demoapp.co,100,208,63,192,4,6,0,0,21.865437954062287,0.0938242822682981
/page-01430,exampledomain.com,100,208,65,224,8,8,0,0,3.214484337243203,0.3239364875239001
/page-01431,demoapp.co,100,284,47,207,2,4,0,0,1.0,0.16472427091334102
/page-01432,exampledomain.com,100,252,50,142,6,1,0,0,8.067272217427382,0.03943255389295436
/page-01433,testsite.io,100,640,61,149,7,4,0,0,12.86679634035303,0.23999850377687654
/page-01434,exampledomain.com,302,14,43,76,4,3,0,0,1.0,0.6218532832089906
/page-01435,demoapp.co,134,112,59,93,6,4,0,1,3.91051157548982,0.37874032164174865
/page-01436,testsite.io,100,59,68,173,5,7,0,0,1.0,0.42117117723089254
/page-01437,testsite.io,100,173,52,79,5,2,0,1,8.034578876028691,0.2938208380719606
/page-01438,demoapp.co,153,19,43,144,5,2,0,1,1.0,0.286651737964728
/page-01439,testsite.io,324,179,56,174,5,3,0,2,11.169567419140014,0.2743491982117227
/page-01440,exampledomain.com,236,80,57,50,4,2,0,0,1.0,0.253241926225623
/page-01441,testsite.io,259,559,51,112,4,3,0,0,9.416722184823154,0.5406706938941708
/page-01442,exampledomain.com,100,121,49,133,2,4,0,0,14.51023794231931,0.4404642720165281
/page-01443,exampledomain.com,285,62,69,120,5,6,0,0,16.62530097021875,0.3510009973047837
/page-01444,testsite.io,149,614,49,87,2,1,0,0,5.1210143403337325,0.3236748295968499
/page-01445,testsite.io,255,79,69,95,5,3,0,1,11.419522705437785,0.35706915005990847
/page-01446,testsite.io,100,222,39,67,6,4,0,0,12.123668778254025,0.3470389168616217
/page-01447,testsite.io,258,42,33,120,5,1,1,0,3.3226956121997997,0.3394408294664233
/page-01448,testsite.io,100,114,54,158,4,6,0,0,8.359318354155533,0.6038082152020673
/page-01449,demoapp.co,100,58,43,165,3,5,0,0,3.9835509526187245,0.3328510409802704
/page-01450,testsite.io,100,245,52,92,5,3,0,0,13.820327350853116,0.3817544898254948
/page-01451,demoapp.co,100,104,39,145,5,2,0,0,6.29378214296536,0.2311577540036157
/page-01452,testsite.io,292,194,45,33,8,7,0,1,16.569024466889495,0.6672857013576328
/page-01453,testsite.io,100,158,82,127,4,3,0,0,6.796173064651433,0.12656104785688504
/page-01454,testsite.io,201,17,51,124,5,2,0,0,13.457588570005592,0.3175804511326242
/page-01455,demoapp.co,137,62,55,159,9,1,0,0,11.827905657918102,0.3205702279759125
/page-01456,testsite.io,100,159,51,124,7,4,0,1,7.4787105885065035,0.0018888325515565149
/page-01457,demoapp.co,100,6,44,225,4,0,1,0,5.206307987281306,0.21329916352079104
/page-01458,demoapp.co,100,117,63,137,6,2,0,0,5.132660660639764,0.4222002887297415
/page-01459,demoapp.co,100,63,67,142,6,5,0,0,13.374381284926766,0.49294862245641513
/page-01460,demoapp.co,100,23,56,146,5,3,0,0,9.702081163417079,0.4828687897305612
/page-01461,exampledomain.com,100,7,56,112,2,3,1,0,6.109980282776416,0.1397516032837975
/page-01462,demoapp.co,100,317,41,114,3,1,0,0,14.098592618762218,0.2460153806455002
/page-01463,demoapp.co,100,26,43,100,6,5,1,1,7.235624963716717,0.25337175957866626
/page-01464,exampledomain.com,100,50,51,174,4,4,0,0,4.065118718016622,0.21938417726730175
/page-01465,demoapp.co,100,140,55,160,7,2,0,0,13.480310057073615,0.8079485900035929
/page-01466,exampledomain.com,162,235,42,82,7,2,0,0,7.085232166473263,0.5731260785618818
/page-01467,testsite.io,137,175,64,140,10,1,0,1,14.520998932233205,0.4031695024992976
/page-01468,exampledomain.com,303,305,54,162,3,3,0,2,3.828438414862397,0.4339554053554329
/page-01469,exampledomain.com,235,97,63,56,9,3,0,0,15.864816983442239,0.09420430356700436
/page-01470,exampledomain.com,100,189,38,119,4,5,0,0,11.446065685058093,0.2067263643806495
/page-01471,testsite.io,100,326,60,159,3,4,0,0,10.283190455415294,0.42204479364719455
/page-01472,demoapp.co,100,50,52,130,2,5,0,0,11.953545643396087,0.1526834444702815
/page-01473,testsite.io,100,103,47,118,5,3,0,0,10.953006655557054,0.19335312416704592
/page-01474,testsite.io,161,121,46,87,0,3,0,1,5.153811689366883,0.4938626664005545
/page-01475,demoapp.co,242,88,64,44,4,4,0,0,7.493560415388394,0.2717616863499689
/page-01476,demoapp.co,121,184,48,114,7,4,0,1,11.791578381537077,0.16531275327804684
/page-01477,exampledomain.com,258,373,50,114,2,2,0,0,11.28479100697746,0.17445635688244662
/page-01478,testsite.io,126,348,57,78,3,1,0,2,8.620084875095378,0.20999788426574567
/page-01479,testsite.io,857,220,61,128,5,4,0,0,3.551904983714956,0.37423202645174125
/page-01480,testsite.io,100,5,67,162,3,1,0,0,3.699901714160606,0.2115100969198385
/page-01481,exampledomain.com,151,57,51,158,3,3,0,0,6.0442431851425,0.3421116055276262
/page-01482,demoapp.co,100,118,52,112,4,5,0,1,10.760295463710152,0.10662155363126155
/page-01483,demoapp.co,258,39,57,144,2,4,1,0,7.205651492389064,0.47886405592824444
/page-01484,testsite.io,100,175,53,132,9,3,0,0,8.399107974132246,0.6185767256151762
/page-01485,testsite.io,125,69,59,116,3,2,0,0,8.942270942092739,0.26344052933274065
/page-01486,exampledomain.com,100,121,26,168,6,5,0,0,14.145732408100072,0.06668463462619376
/page-01487,exampledomain.com,100,211,37,87,9,1,0,0,10.092419752312718,0.4396886417951928
/page-01488,exampledomain.com,112,10,55,203,7,0,1,1,2.073381476729285,0.27434123873493016
/page-01489,testsite.io,239,489,42,113,4,4,0,1,13.989356471355165,0.11351327932819393
/page-01490,demoapp.co,107,198,33,70,9,3,0,0,1.0,0.02898456585534489
/page-01491,testsite.io,100,145,39,55,10,4,0,0,6.6333247488627585,0.42944826870384556
/page-01492,exampledomain.com,100,248,68,90,4,3,0,0,1.0,0.24962622766084083
/page-01493,demoapp.co,103,122,67,91,6,3,0,0,15.483308864216717,0.31409666853595297
/page-01494,demoapp.co,135,50,21,118,8,3,0,0,4.040520839187568,0.43256792071485656
/page-01495,exampledomain.com,357,84,47,153,5,2,0,1,9.962446340417754,0.43304093119448533
/page-01496,testsite.io,136,239,61,89,9,2,1,0,12.989842921268878,0.30938878495406763
/page-01497,exampledomain.com,166,138,40,158,9,3,0,0,7.51925451655602,0.2957904293100483
/page-01498,demoapp.co,143,364,42,132,1,4,0,3,12.702277509596556,0.10555560627549426
/page-01499,exampledomain.com,100,429,45,141,6,3,0,0,1.0,0.21441943331077754
/page-01500,demoapp.co,100,167,64,84,7,4,0,0,14.386025365024697,0.1882284749729644
/page-01501,demoapp.co,215,62,39,91,8,5,0,0,4.847544537980608,0.31487588529672694
/page-01502,demoapp.co,100,105,59,106,6,4,0,0,6.944995726169376,0.28499717236593086
/page-01503,demoapp.co,198,124,42,181,9,4,0,0,13.32924385593494,0.4842491841243545
/page-01504,demoapp.co,191,68,28,146,4,3,0,0,7.459136249290379,0.34048755670262654
/page-01505,exampledomain.com,100,54,52,186,7,3,0,0,7.403740099897826,0.45990135063261195
/page-01506,demoapp.co,100,250,43,238,6,2,1,0,12.215455460019959,0.31038128113387103
/page-01507,demoapp.co,100,202,47,145,3,5,0,1,4.356364909250708,0.40005712538674243
/page-01508,exampledomain.com,113,118,61,82,4,2,0,2,10.700219426974497,0.2274499191121085
/page-01509,testsite.io,327,406,57,139,8,2,0,1,1.0,0.1909810741090278
/page-01510,exampledomain.com,100,39,61,184,3,3,0,0,6.615472279833202,0.08626531835702547
/page-01511,demoapp.co,100,130,68,79,6,4,0,0,8.543002426658509,0.4088309206150183
/page-01512,demoapp.co,100,369,45,113,4,5,1,1,10.067121107790806,0.4814159473787976
/page-01513,exampledomain.com,100,81,59,149,4,4,0,0,2.7115064621824,0.24483885631898913
/page-01514,testsite.io,100,43,60,119,1,6,0,0,6.608659289350438,0.08427762034965947
/page-01515,testsite.io,107,89,70,142,7,3,0,2,5.9471796041266405,0.12559476712895146
/page-01516,exampledomain.com,160,148,35,179,4,1,1,0,12.974271700853645,0.3134155295187243
/page-01517,demoapp.co,142,627,43,149,1,2,0,1,4.35178150443331,0.32209676672907545
/page-01518,exampledomain.com,184,262,46,168,5,4,0,1,11.497318224771387,0.16705471195946708
/page-01519,demoapp.co,100,66,37,130,6,1,0,0,9.132992382114303,0.15090060324040244
/page-01520,testsite.io,100,400,44,74,5,1,0,0,7.903501884423466,0.11959861945734349
/page-01521,demoapp.co,100,240,71,185,4,2,0,0,2.078532088095791,0.12419406278972586
/page-01522,testsite.io,173,131,60,145,8,2,1,1,1.65591885485117,0.14734873452734468
/page-01523,exampledomain.com,718,183,61,187,5,4,0,0,6.461027415298415,0.3748611168564986
/page-01524,demoapp.co,100,219,67,126,5,3,0,0,10.621497181268722,0.33681084089817287
/page-01525,demoapp.co,135,180,45,175,6,2,0,0,6.533805419458757,0.13743554750913134
/page-01526,testsite.io,531,127,46,105,9,1,0,0,10.716545917484897,0.20465726474470672
/page-01527,exampledomain.com,208,110,35,158,3,1,0,0,1.0,0.2522942538125102
/page-01528,testsite.io,128,2,65,108,5,0,0,0,9.848656008702681,0.24542589486498084
/page-01529,testsite.io,100,27,67,85,4,2,0,0,5.302720188348024,0.34682864453306117
/page-01530,demoapp.co,100,676,54,95,3,0,0,1,7.383873523081854,0.3413468539796024
/page-01531,testsite.io,148,110,59,119,8,5,0,0,10.26230693854247,0.14305101611215446
/page-01532,exampledomain.com,260,5,69,129,4,5,0,0,12.147264794708283,0.04810663030768037
/page-01533,demoapp.co,186,207,62,103,8,3,1,1,2.079060752116713,0.6220657805614601
/page-01534,demoapp.co,100,279,55,117,1,1,0,0,4.733824743299859,0.04115546646752745
/page-01535,exampledomain.com,232,4,54,104,6,4,1,0,5.33770955089401,0.5451110558186443
/page-01536,testsite.io,100,13,40,122,4,4,0,0,5.401712236960661,0.11890636454802081
/page-01537,exampledomain.com,100,192,50,156,7,1,0,0,6.27929028718978,0.3369520660719992
/page-01538,demoapp.co,124,471,40,150,8,2,1,1,5.475154252580589,0.19363681920793985
/page-01539,testsite.io,100,25,64,121,2,3,0,0,4.213963050174232,0.14557378784625874
/page-01540,demoapp.co,100,156,54,162,2,3,1,0,10.847453384379337,0.2338900923452998
/page-01541,exampledomain.com,410,278,47,57,5,5,1,0,12.696533407855469,0.5403043028159209
/page-01542,demoapp.co,225,219,56,135,1,2,0,0,19.464930645302303,0.14769586701917395
/page-01543,testsite.io,100,316,30,144,10,1,0,0,7.4096788444498785,0.38758300829579795
/page-01544,testsite.io,343,52,45,113,6,2,0,0,12.561047220455405,0.23822827428148205
/page-01545,exampledomain.com,100,3,50,82,5,2,0,0,5.899607357248935,0.4750610821377065
/page-01546,exampledomain.com,100,159,72,76,5,2,0,0,8.818860939363944,0.2638065806227807
/page-01547,demoapp.co,309,72,56,92,3,4,0,0,8.020728469415566,0.353157485511379
/page-01548,testsite.io,100,213,39,125,4,3,0,0,1.0,0.027198014944444904
/page-01549,testsite.io,270,124,38,134,7,2,0,0,12.686564807710443,0.4926684816089145
/page-01550,demoapp.co,100,15,47,111,6,1,1,0,11.880769389461022,0.11857262719128073
/page-01551,testsite.io,337,811,57,187,2,3,0,1,13.618017400083623,0.7108175902575294
/page-01552,exampledomain.com,103,633,43,156,5,2,0,0,6.206935746833201,0.4484673598795348
/page-01553,exampledomain.com,272,22,63,133,6,3,0,0,7.284142275268136,0.3336962979139647
/page-01554,demoapp.co,338,150,32,211,8,3,0,1,7.666251545380304,0.6163208230555052
/page-01555,testsite.io,100,201,47,171,2,3,1,0,6.7696641388459415,0.5131967802408036
/page-01556,testsite.io,237,789,32,97,8,3,0,0,5.584309003738604,0.4797824692427738
/page-01557,exampledomain.com,100,70,36,173,8,6,0,0,9.43361869485069,0.5579388637468159
/page-01558,exampledomain.com,1580,46,47,173,8,4,0,0,20.507774775314957,0.6042757477277673
/page-01559,exampledomain.com,100,505,48,131,5,3,0,1,1.0,0.4765138952519136
/page-01560,demoapp.co,100,12,68,120,6,3,0,0,8.73078122174746,0.4452934589107669
/page-01561,demoapp.co,100,265,42,133,5,3,0,1,3.7925420352663393,0.0640800584240706
/page-01562,exampledomain.com,122,54,53,134,8,2,0,1,2.037061341778089,0.21164832712817921
/page-01563,demoapp.co,203,314,50,138,9,2,0,0,1.0,0.22303465608387243
/page-01564,demoapp.co,178,403,43,53,9,4,0,1,5.48286262523992,0.15143199438552243
/page-01565,exampledomain.com,408,375,59,91,4,2,0,0,1.0,0.19041353147951476
/page-01566,exampledomain.com,258,132,54,104,5,5,0,2,9.691235171813268,0.5710782424120616
/page-01567,demoapp.co,100,306,42,159,3,4,0,0,4.216069753467131,0.14102513511534517
/page-01568,testsite.io,100,269,32,91,4,3,0,0,5.427837203591039,0.06476326969490194
/page-01569,exampledomain.com,100,116,58,124,2,5,0,0,4.662944171838268,0.43378349785951426
/page-01570,exampledomain.com,116,57,35,143,8,4,0,0,11.658840257592441,0.1547473996041193
/page-01571,testsite.io,160,21,37,97,7,5,0,1,2.3094021746552658,0.06962973767318362
/page-01572,testsite.io,100,107,55,128,2,2,0,0,4.797352490843367,0.36218667091493406
/page-01573,demoapp.co,468,27,34,133,3,3,0,0,15.169617540234523,0.49989369297436065
/page-01574,demoapp.co,100,164,49,161,1,2,0,0,4.122004236626047,0.47090408233366327
/page-01575,demoapp.co,100,331,35,174,6,1,0,1,10.107594368277084,0.26441915192433013
/page-01576,demoapp.co,275,153,39,161,6,3,1,1,20.6834920789386,0.32961347585681033
/page-01577,demoapp.co,100,189,43,174,4,5,0,0,7.281377903040203,0.11696640296390767
/page-01578,exampledomain.com,100,293,57,173,4,4,0,0,1.0,0.22205231507790285
/page-01579,demoapp.co,100,319,39,135,2,2,0,0,3.385160234165575,0.0377389604746143
/page-01580,testsite.io,126,135,48,113,4,1,0,1,11.619221936549309,0.24634134710733852
/page-01581,testsite.io,161,60,44,66,6,4,0,2,3.4634149375976735,0.4608679790018543
/page-01582,testsite.io,100,66,56,163,2,7,0,0,7.60305646091507,0.36726587746350037
/page-01583,testsite.io,706,184,41,101,5,2,0,0,9.507081381510105,0.06569189818737381
/page-01584,testsite.io,100,170,54,135,3,2,1,0,18.79017302740481,0.1204507731458387
/page-01585,testsite.io,521,169,45,190,5,3,0,0,13.692186611168006,0.30219202103999276
/page-01586,exampledomain.com,100,62,63,165,3,1,1,0,1.0,0.7431234880263258
/page-01587,exampledomain.com,138,122,65,49,3,4,1,0,6.916715124121579,0.22906864642552044
/page-01588,demoapp.co,100,540,65,108,2,3,0,0,4.001935664211249,0.2609138701886688
/page-01589,demoapp.co,100,66,37,153,2,5,0,0,9.978459438965809,0.13419231335510373
/page-01590,exampledomain.com,100,316,51,130,4,2,0,0,10.25232065702351,0.5496522618274411
/page-01591,testsite.io,160,500,57,174,1,5,0,0,15.45466784404785,0.36235745336003566
/page-01592,exampledomain.com,914,431,43,111,6,1,0,0,9.585415736480215,0.38547167100624047
/page-01593,testsite.io,100,77,35,100,4,3,0,1,2.5294852290473884,0.37652206758252266
/page-01594,exampledomain.com,107,241,31,161,5,3,0,0,10.930900242899899,0.4854014948262797
/page-01595,testsite.io,100,52,41,94,6,1,0,0,12.948399553893573,0.476921689206658
/page-01596,demoapp.co,185,134,74,111,7,4,0,0,2.4936805886876297,0.2620366128785822
/page-01597,demoapp.co,100,148,66,85,1,2,1,0,4.789415009929004,0.175382864205001
/page-01598,demoapp.co,163,114,59,174,2,4,0,0,6.626222868812841,0.6526306725133578
/page-01599,demoapp.co,100,158,63,130,4,3,0,1,8.610164715583544,0.6859761348717694
/page-01600,exampledomain.com,100,265,44,178,6,4,0,1,2.290950323036494,0.1291793567636436
/page-01601,testsite.io,100,379,37,142,3,3,0,0,15.528148015524518,0.06023683768517006
/page-01602,testsite.io,101,175,68,182,2,3,0,0,1.9200704639539108,0.5110410363472779
/page-01603,exampledomain.com,100,0,43,84,3,3,0,0,5.832472358470401,0.23099887175871456
/page-01604,exampledomain.com,102,41,62,181,8,2,0,0,7.025601741144051,0.28731594559691526
/page-01605,demoapp.co,172,42,47,152,10,2,0,0,3.434117517258552,0.15265456986438297
/page-01606,testsite.io,114,209,56,154,4,3,1,0,3.0169009681590735,0.6823044073696782
/page-01607,testsite.io,100,71,45,110,5,3,0,0,8.171734586442756,0.08811019387642233
/page-01608,demoapp.co,100,87,63,68,2,2,0,0,3.9662994379800995,0.1931519615968001
/page-01609,demoapp.co,106,147,52,173,5,4,0,0,3.9842691324616197,0.2560603866156516
/page-01610,testsite.io,100,40,46,179,8,4,0,0,7.13391369129694,0.1707475151089789
/page-01611,testsite.io,100,89,37,82,5,4,0,2,13.418968709136335,0.3523956567291348
/page-01612,testsite.io,100,205,35,84,7,6,1,0,6.612066098999504,0.11562551541383657
/page-01613,exampledomain.com,100,129,49,141,3,4,0,0,1.0,0.28943647189537447
/page-01614,testsite.io,110,124,75,113,3,0,0,0,10.986832036943381,0.43624952378976334
/page-01615,demoapp.co,100,58,68,147,5,4,0,0,1.0,0.32515082767848835
/page-01616,testsite.io,196,705,60,130,7,1,0,0,6.575275239177444,0.47102829738863977
/page-01617,demoapp.co,134,163,42,137,4,2,0,0,5.521396040472134,0.40300758295359645
/page-01618,exampledomain.com,341,136,63,115,8,1,0,0,5.570541484920994,0.35159650388088914
/page-01619,demoapp.co,173,38,42,133,6,2,0,0,6.202366872360475,0.3022086617960026
/page-01620,testsite.io,100,192,46,181,7,1,0,0,1.0,0.524841249076837
/page-01621,exampledomain.com,525,217,60,112,7,5,0,0,13.692486626651316,0.4406393593590101
/page-01622,exampledomain.com,758,185,45,118,6,2,1,0,11.773428310197469,0.1234686364760343
/page-01623,demoapp.co,151,98,41,137,8,2,0,0,9.905827335022757,0.4588098644266696
/page-01624,demoapp.co,100,22,32,123,6,2,1,0,2.999929517704463,0.28798590837276355
/page-01625,demoapp.co,100,76,60,124,6,1,0,0,7.440236113473522,0.4589557906341933
/page-01626,demoapp.co,143,46,72,117,3,4,0,1,6.014940841322429,0.16549266287550238
/page-01627,demoapp.co,100,92,42,179,6,4,1,0,9.709759890842808,0.27730134060577677
/page-01628,exampledomain.com,100,203,43,147,5,2,0,0,1.9366885013689483,0.21378761155344572
/page-01629,exampledomain.com,109,175,74,98,4,3,0,1,11.164729682491622,0.26695047673209776
/page-01630,testsite.io,156,48,69,106,3,4,0,1,3.831063989283808,0.27498197743626945
/page-01631,demoapp.co,100,312,38,70,6,3,0,0,11.418140851501732,0.08310526420899415
/page-01632,demoapp.co,100,35,37,105,4,6,0,1,13.414147591496713,0.08909713812014793
/page-01633,demoapp.co,129,276,58,110,6,4,0,0,11.860155804787054,0.3616898132462274
/page-01634,testsite.io,100,287,62,197,4,3,0,0,5.179298686566029,0.3441237960216235
/page-01635,exampledomain.com,159,10,55,136,8,3,0,0,9.534343335590947,0.074472671877976
/page-01636,testsite.io,153,495,56,84,3,3,0,1,1.537733596475931,0.2602386528397112
/page-01637,demoapp.co,193,2,65,116,6,4,0,0,10.620500484526413,0.062060140481268566
/page-01638,exampledomain.com,100,36,68,127,6,2,0,3,14.589373115847373,0.6395451092345779
/page-01639,exampledomain.com,100,45,32,125,6,3,0,0,9.786866659080674,0.5782111342368708
/page-01640,testsite.io,194,255,58,153,5,2,0,0,9.140957879984335,0.2357904785426386
/page-01641,exampledomain.com,100,77,72,89,9,6,0,0,4.914098003008539,0.43576645353561677
/page-01642,exampledomain.com,100,47,89,75,6,1,0,0,4.443519195715626,0.6707943235559793
/page-01643,demoapp.co,100,294,57,72,5,3,0,0,12.25664785288361,0.22219100011982434
/page-01644,exampledomain.com,249,294,51,117,5,2,0,0,7.063589348418075,0.06621722141227336
/page-01645,exampledomain.com,332,16,44,119,5,2,1,0,16.901848200097543,0.14471525044878056
/page-01646,exampledomain.com,305,22,44,148,5,3,0,0,3.3218945565929845,0.25092861415493456
/page-01647,exampledomain.com,132,109,42,105,4,4,0,0,6.211483899658165,0.37385473227187777
/page-01648,testsite.io,115,101,43,113,4,1,0,0,4.819836955183683,0.1562422452126096
/page-01649,exampledomain.com,100,38,48,86,6,2,0,2,12.270193014363894,0.5029091361726011
/page-01650,exampledomain.com,261,174,65,182,6,2,0,1,4.441273738207294,0.3843923852882731
/page-01651,testsite.io,100,243,55,123,5,6,1,0,9.935388219309198,0.370945207333704
/page-01652,demoapp.co,100,263,50,154,6,3,0,0,6.68833464195896,0.3190771321526042
/page-01653,demoapp.co,240,54,63,158,2,2,0,1,10.087459469673027,0.5371816063216327
/page-01654,testsite.io,100,193,66,139,2,3,0,0,5.206735456004898,0.34749811451149015
/page-01655,demoapp.co,282,195,52,138,5,2,0,0,5.954300222214448,0.20439448091112658
/page-01656,testsite.io,100,185,54,179,7,4,1,0,2.9288545877308687,0.3529554927951373
/page-01657,testsite.io,210,186,65,108,6,6,0,0,8.333123615844448,0.5622000124015292
/page-01658,testsite.io,387,30,42,95,7,0,0,0,13.648282595624092,0.2385964755900946
/page-01659,demoapp.co,185,16,38,81,5,1,0,0,12.809447438165265,0.141592387260463
/page-01660,exampledomain.com,100,41,68,38,6,3,0,0,1.0,0.31998864487041667
/page-01661,testsite.io,100,54,86,214,6,7,0,0,8.293949885847844,0.6942669340785605
/page-01662,demoapp.co,100,188,52,117,2,2,0,0,1.0,0.3730621966607773
/page-01663,testsite.io,115,449,65,115,4,5,0,0,16.157684796202034,0.4671786581293377
/page-01664,exampledomain.com,100,629,69,75,4,3,0,0,5.621285797079779,0.46522354278635963
/page-01665,demoapp.co,100,50,80,49,5,3,0,0,7.39797394292776,0.0983544758968289
/page-01666,testsite.io,100,255,39,48,4,5,0,1,6.882569448777274,0.020919552401694713
/page-01667,testsite.io,379,58,40,149,6,3,0,2,6.115433444647723,0.13383456164724955
/page-01668,exampledomain.com,436,218,52,117,8,0,0,0,6.604261667875052,0.3911401419271869
/page-01669,demoapp.co,100,126,61,47,0,1,0,1,15.644524383176972,0.21960723350756917
/page-01670,demoapp.co,160,72,76,159,9,1,0,0,10.888926070870665,0.30226490844746845
/page-01671,testsite.io,121,166,51,71,8,4,0,1,10.539576842056766,0.3828467293777689
/page-01672,testsite.io,110,71,62,111,2,7,0,0,4.798976250655582,0.6151438794853776
/page-01673,demoapp.co,100,62,50,179,3,2,0,0,16.38236608943319,0.38353427340592156
/page-01674,testsite.io,134,105,40,135,7,1,0,2,9.534328718154837,0.3580030806265859
/page-01675,demoapp.co,165,0,19,186,4,2,0,1,11.830721163674097,0.42473721873209913
/page-01676,exampledomain.com,100,100,45,127,4,0,0,0,16.577933657798894,0.3525262704351449
/page-01677,testsite.io,100,229,76,122,2,4,1,0,16.198505907361938,0.22253503283978252
/page-01678,demoapp.co,100,828,35,189,4,5,1,0,1.0,0.20596906022166814
/page-01679,testsite.io,291,424,54,135,2,3,0,0,17.763901592971465,0.07069824267375065
/page-01680,exampledomain.com,100,103,71,146,5,1,0,0,14.958206421206334,0.10764719620420692
/page-01681,exampledomain.com,173,16,56,171,5,3,0,1,8.16055076414068,0.16831011871059212
/page-01682,demoapp.co,144,133,48,55,6,1,0,0,16.590511567137362,0.353180102060231
/page-01683,testsite.io,100,4,52,61,9,3,1,0,11.675481182377993,0.2122071790610858
/page-01684,exampledomain.com,175,96,61,117,9,4,0,0,4.2995519642586135,0.5641449105440274
/page-01685,demoapp.co,195,44,64,88,3,3,1,0,9.432221655757074,0.566515600755723
/page-01686,exampledomain.com,164,476,54,157,2,4,1,0,5.494706355404404,0.16674119695550765
/page-01687,demoapp.co,100,50,49,136,5,3,0,1,9.855333660317342,0.32488083638340404
/page-01688,testsite.io,100,3,46,70,7,4,0,1,11.867485096009595,0.4294473948578453
/page-01689,demoapp.co,152,605,68,120,4,4,0,0,9.584119116190193,0.3137669949803785
/page-01690,exampledomain.com,277,139,66,155,6,3,0,2,4.059069260603897,0.23641964060985585
/page-01691,exampledomain.com,100,26,50,103,3,2,1,0,12.462928052859876,0.1672118717991679
/page-01692,testsite.io,100,266,52,138,5,3,0,1,11.35895846144263,0.18327932376094275
/page-01693,demoapp.co,100,11,55,91,7,0,1,0,12.660044754640946,0.26885089555709074
/page-01694,demoapp.co,621,2,34,112,6,3,0,0,5.440634736792358,0.1918362997228113
/page-01695,demoapp.co,105,167,64,228,3,4,0,0,11.385852412206251,0.3390776949206407
/page-01696,testsite.io,100,111,47,121,3,5,0,0,5.118320963405234,0.28837469690239703
/page-01697,exampledomain.com,200,50,48,178,3,3,1,0,11.087588287758754,0.2958037390685802
/page-01698,exampledomain.com,101,72,47,61,5,1,0,0,13.59978411496694,0.4431750382987697
/page-01699,testsite.io,100,473,45,126,5,7,0,1,3.859700969367121,0.26229960614910375
/page-01700,demoapp.co,206,63,55,147,11,4,0,1,7.146960035386063,0.1852484768645942
/page-01701,exampledomain.com,100,306,54,179,2,4,0,0,4.38865712196417,0.11955960560613393
/page-01702,demoapp.co,100,3,49,174,3,3,1,0,9.826658464309325,0.3419022476705048
/page-01703,exampledomain.com,100,186,37,191,3,2,0,0,5.176086782103615,0.13891212565749442
/page-01704,demoapp.co,100,19,54,154,4,1,0,0,11.298169220275437,0.0924673650988121
/page-01705,exampledomain.com,100,48,47,83,4,0,0,0,10.057208030756692,0.026120150805903682
/page-01706,demoapp.co,568,1,34,33,4,0,0,1,3.4033917853361375,0.22644926383428085
/page-01707,exampledomain.com,100,238,37,100,6,1,0,0,6.263793059550272,0.38643540300201135
/page-01708,testsite.io,100,53,59,176,5,0,0,0,12.432048169704174,0.15702646934677963
/page-01709,demoapp.co,100,80,39,133,10,6,0,0,6.2623883274715055,0.01811104311709916
/page-01710,testsite.io,143,245,41,158,6,2,0,1,8.085833954287349,0.6702976790033798
/page-01711,exampledomain.com,100,133,42,159,2,4,1,1,8.185772575708983,0.2295917685408978
/page-01712,testsite.io,296,23,60,38,5,6,0,0,3.441385683716639,0.10053122213221312
/page-01713,demoapp.co,131,75,45,119,8,1,0,0,5.017200356339547,0.29345626555583615
/page-01714,exampledomain.com,100,203,64,138,6,1,0,0,5.456275700198396,0.20420162251482904
/page-01715,demoapp.co,100,140,44,192,4,2,0,0,10.250729134205816,0.09609990508582934
/page-01716,demoapp.co,355,197,59,190,8,4,0,2,4.8193768686801635,0.393588744522828
/page-01717,exampledomain.com,118,552,78,82,7,5,0,0,8.435232465864678,0.1765917321356222
/page-01718,demoapp.co,100,10,54,168,6,3,0,0,4.755210292193921,0.23415923451549508
/page-01719,exampledomain.com,422,142,55,165,3,1,0,0,11.074923778186841,0.7299580211336704
/page-01720,testsite.io,573,469,54,137,2,4,0,0,8.084827046939647,0.1274785185572746
/page-01721,demoapp.co,445,126,64,135,8,3,0,0,9.047995803229654,0.27063018126816085
/page-01722,testsite.io,100,264,36,122,9,1,0,0,3.8748814394902897,0.06071844721551749
/page-01723,exampledomain.com,100,37,82,114,10,4,0,1,9.041011624682879,0.14332794799698426
/page-01724,testsite.io,152,4,28,97,5,1,0,2,14.305721871214168,0.15369946085128394
/page-01725,testsite.io,100,605,61,87,4,3,0,0,10.09424426904455,0.22727216022883
/page-01726,exampledomain.com,100,47,57,137,7,4,0,0,9.577935980387712,0.17091250810524541
/page-01727,testsite.io,100,53,48,198,5,2,0,0,10.786655758730227,0.17722510967720742
/page-01728,demoapp.co,138,135,69,105,3,2,0,0,9.433654181830068,0.38379413860835704
/page-01729,exampledomain.com,100,70,70,106,4,4,0,0,1.0,0.3267266793360275
/page-01730,exampledomain.com,100,42,22,84,6,2,0,0,1.3004269288064112,0.17454403814756975
/page-01731,exampledomain.com,100,21,28,132,9,2,0,0,3.6530916634196666,0.26370949811487354
/page-01732,exampledomain.com,100,64,55,97,8,6,0,0,8.909005672845453,0.2819360259081004
/page-01733,testsite.io,212,67,31,96,8,0,0,0,12.698253331849738,0.10900883807876194
/page-01734,exampledomain.com,100,272,29,113,2,2,0,1,10.007154352479944,0.39634489498412073
/page-01735,testsite.io,623,365,55,218,4,2,0,0,9.716750063290299,0.502674630727808
/page-01736,exampledomain.com,100,167,53,104,7,3,1,1,5.258270447546261,0.15829962685524726
/page-01737,exampledomain.com,185,51,40,84,7,3,0,0,8.442358288009405,0.07424587883214592
/page-01738,exampledomain.com,195,27,34,125,2,3,0,1,10.776451266283281,0.23698948943858153
/page-01739,testsite.io,100,56,52,110,5,5,1,1,8.66369802406448,0.39501366334000415
/page-01740,exampledomain.com,287,5,58,150,9,3,0,1,14.238745975725678,0.44187076324936797
/page-01741,demoapp.co,192,356,42,155,3,2,0,0,3.6479784264951185,0.34175752487192146
/page-01742,demoapp.co,100,193,46,142,4,5,0,0,6.810539601098634,0.40673736330113924
/page-01743,demoapp.co,100,110,28,83,8,2,0,0,7.651081957437008,0.4789878619706085
/page-01744,demoapp.co,100,264,30,68,5,1,0,0,12.336388665833429,0.44460945821634795
/page-01745,exampledomain.com,100,51,56,111,7,2,0,0,7.97372782680132,0.26300207821049815
/page-01746,demoapp.co,148,46,53,114,6,4,0,1,10.4864331680363,0.3259507676207488
/page-01747,exampledomain.com,145,318,55,130,5,5,0,0,6.379106969425356,0.037898542900945915
/page-01748,testsite.io,100,330,43,205,2,2,1,1,1.0,0.18521437391168155
/page-01749,testsite.io,170,257,42,144,2,1,0,0,1.3314337862635703,0.30122562643660017
/page-01750,demoapp.co,100,678,24,182,7,2,0,0,1.0,0.1368181919143063
/page-01751,exampledomain.com,133,294,51,155,6,3,0,0,1.0,0.21697078742442785
/page-01752,demoapp.co,100,291,53,172,3,3,0,0,10.169093974524234,0.06511446697424876
/page-01753,demoapp.co,100,199,46,102,3,1,0,0,7.257128258599329,0.18818191126650607
/page-01754,exampledomain.com,100,203,78,192,6,1,0,0,17.598285788716957,0.34763812416275264
/page-01755,exampledomain.com,288,98,62,139,5,3,0,0,6.354926836167276,0.5111439870469384
/page-01756,testsite.io,100,170,50,154,6,3,0,0,14.284344358270433,0.2940494787007573
/page-01757,testsite.io,100,100,54,177,5,4,0,0,6.479225037305808,0.6786381504047803
/page-01758,exampledomain.com,569,56,65,211,3,3,0,0,13.083567382080481,0.45317018792496133
/page-01759,exampledomain.com,244,221,49,119,4,3,0,0,13.29246562596837,0.2798101896031656
/page-01760,testsite.io,100,225,49,166,4,4,0,0,8.263517865817512,0.17578298711502566
/page-01761,demoapp.co,100,73,42,145,8,2,1,0,4.726004842383398,0.18437873765568474
/page-01762,demoapp.co,279,82,51,132,5,1,0,0,9.265750325044504,0.39534850858682025
/page-01763,demoapp.co,153,31,54,190,6,4,0,0,5.175959396982586,0.22333932382787122
/page-01764,testsite.io,370,61,58,117,4,3,1,0,12.779396715566861,0.33179109083972136
/page-01765,demoapp.co,100,149,43,103,5,3,0,0,18.81830136488761,0.44053330468722013
/page-01766,exampledomain.com,100,358,58,130,2,2,0,1,4.943092877521702,0.4477863305903812
/page-01767,exampledomain.com,100,247,44,93,5,3,1,0,8.247803136490129,0.33804601047319277
/page-01768,exampledomain.com,148,6,52,68,4,4,1,1,6.744743327194322,0.7291988606271008
/page-01769,exampledomain.com,100,46,40,135,5,4,0,1,6.140344183762122,0.4429201233678551
/page-01770,demoapp.co,192,11,63,106,4,6,0,0,5.79430000156478,0.23792169308274708
/page-01771,demoapp.co,100,372,67,164,7,3,0,1,1.0,0.168460666127144
/page-01772,exampledomain.com,100,98,38,121,6,2,0,0,1.0,0.14494031082393663
/page-01773,exampledomain.com,218,74,76,111,11,6,1,1,7.361912177197991,0.3425508130259215
/page-01774,exampledomain.com,100,16,60,210,4,5,0,0,5.083595771060393,0.3253994574032288
/page-01775,demoapp.co,128,83,34,56,3,3,0,1,6.520273065719791,0.5607281303898316
/page-01776,exampledomain.com,215,98,50,90,4,3,0,1,16.422547040676157,0.2516947908936036
/page-01777,testsite.io,100,51,70,168,5,5,0,0,1.5803322800382995,0.5541181523884661
/page-01778,testsite.io,100,47,56,77,2,7,0,0,2.5898392057204607,0.37647508897758364
/page-01779,exampledomain.com,100,6,67,144,2,3,0,0,7.501790361474944,0.18800768414061494
/page-01780,exampledomain.com,189,168,37,120,5,3,0,0,10.192540347059992,0.16982175570689872
/page-01781,exampledomain.com,100,269,63,169,9,6,0,1,9.175099136896936,0.4953765239328048
/page-01782,testsite.io,161,19,39,221,3,0,0,2,7.808382290417123,0.06190353498472029
/page-01783,demoapp.co,210,770,60,136,3,2,0,3,1.0,0.3056364905630822
/page-01784,exampledomain.com,100,59,54,193,3,3,0,1,14.089307013445566,0.4981236390895059
/page-01785,demoapp.co,169,127,60,142,6,3,0,0,11.356558058318308,0.33404442158742736
/page-01786,testsite.io,274,11,81,143,6,8,0,0,14.749756781530063,0.5883592898760539
/page-01787,exampledomain.com,100,12,61,112,4,4,1,0,13.250011620360926,0.16130149449234454
/page-01788,demoapp.co,848,391,41,187,3,2,0,1,8.86225317667995,0.5531706494191497
/page-01789,demoapp.co,361,74,52,138,4,6,1,0,1.0,0.4635587048274105
/page-01790,demoapp.co,100,63,32,158,9,1,0,0,4.2368050706426175,0.1614505328518819
/page-01791,demoapp.co,100,212,45,90,6,4,0,0,14.40469247646307,0.33997213438637996
/page-01792,demoapp.co,200,86,51,196,3,3,0,0,1.0,0.29251381151799755
/page-01793,exampledomain.com,100,109,59,113,9,1,1,0,7.353659949238158,0.5648707178893813
/page-01794,exampledomain.com,292,70,52,119,8,4,0,0,18.012078995881375,0.2891292428636062
/page-01795,exampledomain.com,100,171,28,143,5,2,0,0,18.059294199182744,0.6925755020190085
/page-01796,demoapp.co,126,319,37,142,2,0,0,1,11.029410504823772,0.19057214558499747
/page-01797,testsite.io,100,3,50,97,10,6,0,0,1.64885404142451,0.1981804048043577
/page-01798,exampledomain.com,100,91,48,143,6,4,0,0,4.852286549533874,0.2806594600361325
/page-01799,demoapp.co,100,71,64,75,3,3,0,0,13.763693320805192,0.4230040520777571
/page-01800,testsite.io,191,185,24,89,7,2,0,0,4.574652123227921,0.26010528158846596
/page-01801,testsite.io,100,308,55,143,4,1,0,0,9.234397022170125,0.295289348789202
/page-01802,testsite.io,100,460,37,147,2,1,1,0,16.315930844366058,0.3065121064975405
/page-01803,testsite.io,148,97,56,210,2,1,0,1,5.871530903593106,0.24377285553822564
/page-01804,demoapp.co,119,144,47,79,5,3,0,0,9.181664825172245,0.13741925331958918
/page-01805,exampledomain.com,327,102,61,134,8,1,1,0,8.23215455871751,0.3861884015039582
/page-01806,exampledomain.com,196,73,58,108,5,1,0,1,8.825726249825125,0.36813301551024574
/page-01807,demoapp.co,100,367,54,120,9,4,0,0,12.949420570168977,0.09908916663892532
/page-01808,exampledomain.com,172,79,60,155,2,4,1,0,7.387456754362871,0.21080860642668767
/page-01809,demoapp.co,100,419,58,120,4,0,1,0,8.742836109320228,0.3272474236086318
/page-01810,demoapp.co,278,56,69,112,6,1,0,1,7.376786380542119,0.7164321566800606
/page-01811,testsite.io,100,196,48,128,6,0,0,1,1.0,0.31940704172336876
/page-01812,exampledomain.com,149,128,43,137,6,6,0,0,5.525171123404375,0.11809901291874621
/page-01813,testsite.io,100,361,46,114,4,2,0,0,2.344234790004875,0.16818731188616215
/page-01814,testsite.io,100,350,49,166,7,3,0,0,12.06516717089197,0.08397618089913055
/page-01815,exampledomain.com,716,493,49,115,7,4,0,0,8.482598377124269,0.2856143771418891
/page-01816,demoapp.co,100,238,41,124,1,2,0,0,9.600253876891514,0.22709295234159144
/page-01817,testsite.io,237,875,50,134,3,4,0,0,4.187151952802044,0.17682388284226108
/page-01818,testsite.io,100,277,61,171,5,3,0,1,7.382192493815316,0.4239643899858118
/page-01819,demoapp.co,204,8,44,103,7,5,0,0,4.7460500092784805,0.10399706513407522
/page-01820,exampledomain.com,100,211,37,78,6,4,0,2,8.028691487866181,0.15667842054016165
/page-01821,testsite.io,126,362,63,87,2,2,0,0,5.225262563052011,0.19007829676851445
/page-01822,demoapp.co,100,254,54,114,7,3,1,1,10.453917613717955,0.22862734267875548
/page-01823,exampledomain.com,202,381,68,102,5,1,0,0,10.723544852224595,0.16591148550719614
/page-01824,exampledomain.com,100,155,45,87,6,3,0,1,2.597007136135205,0.15603645173564346
/page-01825,demoapp.co,100,516,73,153,7,2,1,0,7.901728144694911,0.11384668540618005
/page-01826,demoapp.co,100,2,42,180,6,4,0,0,9.595439518990906,0.16051058430030524
/page-01827,testsite.io,354,1,47,91,6,6,0,1,22.408169941254158,0.1655918256079946
/page-01828,exampledomain.com,151,171,49,101,5,3,1,1,7.240737571069514,0.05415636807637416
/page-01829,exampledomain.com,134,54,38,127,4,2,0,2,8.427227935686862,0.4107790284520743
/page-01830,testsite.io,100,77,52,171,6,0,0,1,4.335151650708608,0.5030569099223634
/page-01831,exampledomain.com,100,46,57,157,7,4,0,0,1.0,0.3803031578478292
/page-01832,testsite.io,101,167,65,111,8,3,0,2,10.341449594735877,0.19251122497526424
/page-01833,testsite.io,100,13,53,138,8,2,0,1,8.017451673626013,0.10725131689434106
/page-01834,testsite.io,100,0,59,130,5,0,0,0,7.725641876511554,0.06116321978691181
/page-01835,demoapp.co,100,0,42,141,1,2,0,0,11.823641740111743,0.32728658738367544
/page-01836,exampledomain.com,111,25,64,88,4,3,0,0,1.0,0.20328136344399572
/page-01837,exampledomain.com,100,462,59,126,2,5,0,0,5.792738170050564,0.41545023398422537
/page-01838,testsite.io,241,167,40,185,4,1,0,0,3.9887496966505225,0.5060795718610615
/page-01839,demoapp.co,100,100,44,149,10,1,0,2,8.290885357760482,0.15540637594268872
/page-01840,demoapp.co,100,23,49,81,9,3,0,0,7.110167989295223,0.7326761303022491
/page-01841,demoapp.co,100,354,78,87,7,3,0,1,5.669277148534215,0.2990537626200321
/page-01842,exampledomain.com,100,93,33,49,6,7,0,1,9.36009618673674,0.0677832598285888
/page-01843,testsite.io,505,309,45,122,8,2,1,0,15.089039102241781,0.1880690114365209
/page-01844,exampledomain.com,111,325,40,119,4,5,0,0,3.1288414257178463,0.035769693069246065
/page-01845,exampledomain.com,100,702,52,195,7,3,0,0,3.0807166693135386,0.21191620115972504
/page-01846,exampledomain.com,354,21,32,162,9,6,0,0,10.744973596280687,0.046725881241412255
/page-01847,testsite.io,130,37,68,167,9,5,0,0,2.1036416184740734,0.3611938345992949
/page-01848,testsite.io,100,115,50,190,9,4,1,1,2.7091213208219003,0.24454500183774136
/page-01849,exampledomain.com,120,37,48,165,5,0,0,0,13.95741775904358,0.4480721250198905
/page-01850,demoapp.co,100,90,39,118,5,5,0,1,5.096074947572628,0.14174676577397355
/page-01851,demoapp.co,377,16,41,142,2,3,1,1,7.944318902163163,0.1374128492604287
/page-01852,testsite.io,100,73,45,126,5,5,0,1,5.783569077491839,0.128323708417298
/page-01853,exampledomain.com,100,49,44,148,8,5,1,0,18.403367616351254,0.14195096607315263
/page-01854,demoapp.co,100,688,51,119,2,2,0,0,11.839276756138169,0.27467649227326413
/page-01855,testsite.io,100,355,42,95,6,1,0,1,4.507003499458337,0.3409479441175211
/page-01856,testsite.io,100,126,38,143,6,3,0,0,22.709558418810218,0.13772186165323058
/page-01857,demoapp.co,100,92,63,204,6,1,0,0,3.7757105350617852,0.03290895290611381
/page-01858,exampledomain.com,171,1089,54,112,5,3,1,1,8.121264989997526,0.2761552015878661
/page-01859,testsite.io,100,133,51,138,5,3,0,0,12.29077635230072,0.03717019040544919
/page-01860,exampledomain.com,100,343,61,121,8,5,1,0,1.3123177786270777,0.3013220988748324
/page-01861,demoapp.co,161,156,57,178,7,5,1,0,4.971340832873727,0.5864341531538356
/page-01862,testsite.io,445,286,43,30,5,0,0,2,9.092190659671209,0.5529459995352339
/page-01863,testsite.io,100,73,65,194,4,2,0,0,13.352816288573248,0.2520655060403824
/page-01864,testsite.io,100,161,47,102,6,1,0,0,12.869766556243,0.3741906834286204
/page-01865,demoapp.co,100,426,66,138,0,1,0,1,8.433647859039898,0.27550190788464696
/page-01866,demoapp.co,317,65,53,47,6,3,0,2,12.394750779732554,0.6834448735405029
/page-01867,testsite.io,121,516,62,147,2,2,0,0,2.7812116132550173,0.15117090005511039
/page-01868,demoapp.co,100,87,44,148,7,0,0,0,19.235696485166304,0.14550481121556028
/page-01869,testsite.io,100,312,50,197,5,2,1,0,9.534158240102933,0.30135611078728625
/page-01870,testsite.io,100,112,61,178,5,1,1,2,13.60241948610044,0.11006022073188983
/page-01871,demoapp.co,100,103,58,161,5,3,0,1,12.882526272214875,0.20829781735856073
/page-01872,testsite.io,100,35,46,153,5,6,0,0,14.270808397261792,0.413567648898841
/page-01873,exampledomain.com,193,442,41,148,5,3,0,1,6.306032172298115,0.3408082022493535
/page-01874,exampledomain.com,100,175,41,131,3,4,1,1,8.624506627477999,0.6746792365724479
/page-01875,demoapp.co,259,251,48,164,3,3,0,0,3.5018678142154114,0.1693297744210287
/page-01876,exampledomain.com,100,8,44,133,4,2,0,1,10.128896993675308,0.35422208651247616
/page-01877,exampledomain.com,100,489,61,30,4,3,0,3,16.93153968804507,0.1332312760992806
/page-01878,testsite.io,100,117,85,166,4,4,0,0,10.548245515448576,0.43922993105359753
/page-01879,demoapp.co,131,34,67,196,5,3,0,1,9.004988032851825,0.15462739974264325
/page-01880,exampledomain.com,100,602,70,173,2,3,1,1,6.369145264525157,0.49147710720633003
/page-01881,exampledomain.com,100,77,68,172,9,2,1,0,15.952345417134973,0.09789972154498672
/page-01882,demoapp.co,114,25,44,112,6,2,0,2,2.2916855030733174,0.0844166771942617
/page-01883,testsite.io,2307,543,41,133,6,6,0,1,6.069934953945833,0.49078886417999373
/page-01884,testsite.io,102,210,48,137,10,5,1,2,1.0,0.30324837773424834
/page-01885,exampledomain.com,215,273,43,73,6,2,0,0,10.60699091885644,0.33019093410104194
/page-01886,demoapp.co,100,100,46,135,7,2,0,1,15.374382933149324,0.4619632933360228
/page-01887,exampledomain.com,100,16,58,111,11,3,0,0,3.3532726037835907,0.11254596845600269
/page-01888,exampledomain.com,100,333,64,173,3,1,0,1,13.025224648110212,0.25373883117920554
/page-01889,testsite.io,124,19,38,105,5,4,1,0,4.033093747189138,0.12467752353942793
/page-01890,testsite.io,190,66,57,125,6,4,1,0,9.36865378219185,0.1949362639717454
/page-01891,testsite.io,100,40,38,55,4,7,0,0,9.074108505101533,0.5751558774021541
/page-01892,demoapp.co,352,279,43,90,10,5,1,0,1.0,0.6633036978136037
/page-01893,testsite.io,100,106,37,184,5,7,0,1,15.328428124963043,0.38676575210064157
/page-01894,demoapp.co,210,8,41,154,3,3,0,1,3.922397330861325,0.2030387224129273
/page-01895,exampledomain.com,1920,157,32,62,7,2,0,0,4.695385485723236,0.07857203683444954
/page-01896,demoapp.co,100,244,61,89,5,1,0,0,9.648688081394702,0.16146472505035503
/page-01897,demoapp.co,453,57,47,112,2,5,0,0,4.403889798037328,0.3145788402216676
/page-01898,demoapp.co,100,30,53,118,7,1,0,0,7.115210473400609,0.30598958671719584
/page-01899,testsite.io,151,16,38,141,8,4,1,0,9.788501464338939,0.413901103657586
/page-01900,exampledomain.com,297,92,64,154,6,3,0,0,7.095736990465554,0.2463427601423522
/page-01901,exampledomain.com,202,136,61,229,5,4,1,0,8.309011911414638,0.12153420595522893
/page-01902,testsite.io,100,111,71,166,5,2,0,0,6.866526436408899,0.11964950538674098
/page-01903,exampledomain.com,228,29,46,136,7,1,0,0,11.825763254479826,0.44812522664662835
/page-01904,demoapp.co,100,8,77,185,6,2,0,0,11.69593236253159,0.3585761171849565
/page-01905,testsite.io,100,453,52,153,6,2,1,0,12.328345579053597,0.17713821867380258
/page-01906,demoapp.co,188,185,38,131,3,2,0,0,4.030605318399642,0.30027058314780797
/page-01907,exampledomain.com,116,440,37,168,6,1,0,0,10.686293580429057,0.15459894624785303
/page-01908,testsite.io,205,161,49,146,7,2,1,0,10.495092209333471,0.3492920251429344
/page-01909,demoapp.co,100,72,48,176,4,3,0,0,10.662617816317747,0.38465035031485706
/page-01910,testsite.io,100,663,52,138,7,4,0,0,13.759993820721093,0.2630842981313147
/page-01911,demoapp.co,373,370,50,98,3,5,0,0,15.275846182475647,0.16144601619785018
/page-01912,demoapp.co,100,66,43,130,3,3,0,1,4.9410616898266095,0.19128497002887404
/page-01913,exampledomain.com,100,141,44,56,3,6,0,1,5.791371288626239,0.08668896749772957
/page-01914,demoapp.co,100,133,51,145,3,0,1,1,10.354897880149908,0.24465937832929194
/page-01915,demoapp.co,106,139,66,78,5,0,0,0,12.320805296211173,0.2628276654724556
/page-01916,testsite.io,235,148,64,97,6,1,0,0,13.889806517887742,0.1588573128878232
/page-01917,demoapp.co,100,247,54,167,3,5,0,1,10.088284706198927,0.027747520707813084
/page-01918,exampledomain.com,142,130,40,70,5,2,1,0,11.746904468388776,0.4915668431159755
/page-01919,exampledomain.com,155,174,24,105,3,3,0,0,1.497389243753826,0.4130932872770237
/page-01920,testsite.io,109,93,66,163,6,4,0,0,7.374963088099362,0.24300672010820396
/page-01921,testsite.io,349,319,64,116,4,2,0,0,6.398754559736361,0.12415714547570243
/page-01922,exampledomain.com,1689,220,73,97,5,3,0,0,5.170189508628285,0.5178300321610417
/page-01923,demoapp.co,209,322,45,151,9,4,0,1,6.299020033860952,0.11869053959298488
/page-01924,exampledomain.com,167,7,55,100,4,3,0,0,12.245853756800145,0.18456393947498648
/page-01925,demoapp.co,100,450,49,63,9,3,1,0,11.656792202877917,0.5448083088982917
/page-01926,exampledomain.com,100,95,42,143,8,4,0,0,8.875923752123565,0.40817935438450464
/page-01927,demoapp.co,100,59,43,158,2,2,0,0,8.886861764445976,0.1595814015880909
/page-01928,testsite.io,218,277,25,247,1,2,0,0,3.590933474849317,0.2814607688754719
/page-01929,demoapp.co,102,504,51,142,6,0,0,0,11.052150255367573,0.3653492409464941
/page-01930,testsite.io,132,6,56,129,6,3,0,0,12.783510010031366,0.3637203540174321
/page-01931,demoapp.co,100,146,69,101,4,2,0,0,11.200371286192077,0.30228038361079695
/page-01932,exampledomain.com,100,91,58,113,5,4,0,0,7.216733259815518,0.20074834098440264
/page-01933,demoapp.co,280,142,65,75,5,2,0,0,13.685117248454281,0.16208301811443912
/page-01934,demoapp.co,100,161,63,106,3,2,0,1,7.834543670311477,0.1954525207727586
/page-01935,demoapp.co,100,121,53,41,4,3,0,0,9.865059648600273,0.21951705484111592
/page-01936,testsite.io,100,259,35,111,5,4,0,0,2.434581833975715,0.4258013303754779
/page-01937,exampledomain.com,100,374,48,148,7,2,0,0,7.665707705397703,0.28744011196237956
/page-01938,exampledomain.com,100,145,84,98,8,1,0,0,8.154627212463442,0.1976637177675593
/page-01939,exampledomain.com,100,72,38,140,3,3,0,1,9.818378513033998,0.3211378971117084
/page-01940,exampledomain.com,100,31,50,166,4,3,1,0,1.0,0.05060418162049996
/page-01941,testsite.io,295,14,55,121,2,3,0,1,1.0,0.07100301808547481
/page-01942,exampledomain.com,100,234,49,159,10,4,0,1,10.786149729308496,0.4350964877000835
/page-01943,exampledomain.com,118,162,51,38,11,3,1,0,14.831897042326066,0.25406661542389153
/page-01944,exampledomain.com,154,21,45,113,7,4,1,0,1.0,0.5009498994977297
/page-01945,exampledomain.com,142,42,73,88,2,3,0,1,9.756337704564976,0.17128693242572315
/page-01946,demoapp.co,100,21,53,206,4,1,0,1,9.275703648491408,0.2179023397754856
/page-01947,demoapp.co,100,96,52,97,5,2,0,0,1.0,0.1394009657565368
/page-01948,exampledomain.com,100,243,61,77,4,2,0,0,6.6113356385347775,0.25561404002652016
/page-01949,exampledomain.com,100,116,63,69,4,3,1,1,6.202694114090194,0.2613018088148416
/page-01950,exampledomain.com,110,98,51,135,2,2,0,0,9.009315637702409,0.3775143939163739
/page-01951,testsite.io,100,230,75,89,10,4,1,0,8.127518164440344,0.004592107772450038
/page-01952,testsite.io,477,98,38,110,9,2,0,0,7.217907973058972,0.24114674761530247
/page-01953,testsite.io,142,180,55,133,2,1,1,0,9.261206029897988,0.5921473372217197
/page-01954,demoapp.co,100,219,62,130,6,2,0,0,7.20093931350292,0.401028981180511
/page-01955,exampledomain.com,100,232,47,96,6,9,0,0,7.838748269458662,0.12847043868083763
/page-01956,exampledomain.com,100,338,64,106,1,2,0,3,6.649162615460884,0.22766100502257203
/page-01957,testsite.io,161,15,53,150,4,2,0,1,11.180830357595863,0.2444491584469213
/page-01958,demoapp.co,100,336,66,120,6,1,0,0,8.782300437663352,0.17212159153868253
/page-01959,exampledomain.com,100,23,36,94,3,5,0,0,1.0,0.17040910580763804
/page-01960,testsite.io,712,117,52,109,7,2,0,0,5.301362255311849,0.1604336871751208
/page-01961,exampledomain.com,476,118,67,171,4,2,0,0,6.162578166683673,0.7529251441300977
/page-01962,exampledomain.com,100,223,70,157,3,0,0,0,7.582483012709281,0.3382347067388045
/page-01963,demoapp.co,104,86,55,138,6,4,0,0,13.237816816047161,0.40213635181911794
/page-01964,exampledomain.com,100,184,37,99,6,5,0,1,24.801589577773687,0.3074950152946536
/page-01965,exampledomain.com,392,268,53,111,6,4,0,0,7.802496737475197,0.2777076793768632
/page-01966,demoapp.co,100,84,55,159,6,8,0,1,13.687655844928658,0.09867909373140535
/page-01967,testsite.io,100,253,10,182,6,1,0,1,9.325690800702208,0.5145643035442684
/page-01968,exampledomain.com,237,80,18,151,5,3,0,0,4.213697065258504,0.13541426953786884
/page-01969,exampledomain.com,100,129,64,196,2,0,0,0,16.566933063935142,0.13597191973285763
/page-01970,demoapp.co,100,55,43,106,8,2,0,0,15.662760235885067,0.2206019077064101
/page-01971,testsite.io,150,137,41,74,8,1,0,0,7.660402058493468,0.13599577357630555
/page-01972,testsite.io,100,38,61,127,7,4,1,0,1.0,0.349284710674574
/page-01973,testsite.io,313,143,36,186,0,2,0,0,8.324682904796253,0.3997257698053243
/page-01974,demoapp.co,100,5,43,36,1,2,0,0,10.405709354576253,0.1937125427276135
/page-01975,testsite.io,100,129,28,30,8,3,0,0,14.551083371311224,0.12049299769251037
/page-01976,demoapp.co,100,74,50,129,2,2,1,4,2.486061094449923,0.38036888411279474
/page-01977,exampledomain.com,100,80,31,199,3,6,0,0,4.290491099922828,0.28186948395514494
/page-01978,demoapp.co,100,258,40,88,7,0,0,0,3.760570877370774,0.09893639071150498
/page-01979,demoapp.co,100,181,56,106,2,2,0,0,10.305986191626747,0.085469724116774
/page-01980,demoapp.co,114,666,52,91,5,3,0,0,7.021535657116039,0.6405070641141548
/page-01981,demoapp.co,120,343,62,132,4,4,1,1,7.311111414846413,0.6961373872392828
/page-01982,testsite.io,593,172,53,150,8,1,0,0,5.424010688708796,0.3240229176696449
/page-01983,exampledomain.com,157,226,57,140,6,2,1,0,12.2935889663191,0.3626939630420496
/page-01984,demoapp.co,108,70,60,34,6,4,0,0,18.53914816306566,0.356607252965919
/page-01985,testsite.io,100,446,54,174,4,2,0,0,5.181527776320815,0.34398585912324764
/page-01986,exampledomain.com,100,35,46,133,9,0,0,0,6.771123071309294,0.2251304463636251
/page-01987,exampledomain.com,141,208,51,74,5,2,0,0,3.351823827372061,0.4215717088745588
/page-01988,exampledomain.com,100,240,53,108,10,4,1,0,1.0,0.2630770222667988
/page-01989,exampledomain.com,100,34,57,97,7,5,1,1,7.673240410507822,0.1262640043239786
/page-01990,demoapp.co,160,62,73,105,10,5,0,0,4.65834605861524,0.2701876573728927
/page-01991,exampledomain.com,375,61,43,30,5,3,0,0,11.212254567824466,0.22152895420376112
/page-01992,exampledomain.com,100,38,61,159,3,5,0,1,4.526566659761439,0.16438483430265732
/page-01993,demoapp.co,208,415,39,139,7,2,1,1,7.099144047754805,0.521027839208041
/page-01994,exampledomain.com,100,158,38,155,6,2,0,0,6.710104143279592,0.14132839134148834
/page-01995,testsite.io,307,33,57,177,8,3,0,0,11.066107876976474,0.6122713828705801
/page-01996,demoapp.co,100,110,40,166,2,3,0,0,6.435901865551199,0.26482301921198104
/page-01997,exampledomain.com,174,284,47,156,6,4,1,0,8.654847046561809,0.36489960715286196
/page-01998,demoapp.co,282,51,51,137,8,0,0,2,7.719960119577961,0.22607302600464949
/page-01999,demoapp.co,100,41,52,197,6,3,0,1,8.38945516652469,0.07764756660236671
